player,surface,period,spw,rpw,matches
Jannik Sinner,hard,52week,0.7280,0.4170,56
Jannik Sinner,clay,52week,0.7260,0.4490,19
Jannik Sinner,grass,52week,0.7440,0.3890,14
Jannik Sinner,all,52week,0.7301,0.4194,89
Jannik Sinner,hard,career,0.6840,0.4040,308
Jannik Sinner,clay,career,0.6540,0.4290,110
Jannik Sinner,grass,career,0.7120,0.3770,46
Jannik Sinner,all,career,0.6797,0.4073,464
Carlos Alcaraz,hard,52week,0.6970,0.4120,45
Carlos Alcaraz,clay,52week,0.6490,0.4460,25
Carlos Alcaraz,grass,52week,0.7030,0.3750,12
Carlos Alcaraz,all,52week,0.6832,0.4170,82
Carlos Alcaraz,hard,career,0.6760,0.4090,203
Carlos Alcaraz,clay,career,0.6430,0.4410,123
Carlos Alcaraz,grass,career,0.6820,0.3890,39
Carlos Alcaraz,all,career,0.6655,0.4176,365
Alexander Zverev,hard,52week,0.6930,0.3570,54
Alexander Zverev,clay,52week,0.6670,0.4020,24
Alexander Zverev,grass,52week,0.7440,0.3260,12
Alexander Zverev,all,52week,0.6929,0.3649,90
Alexander Zverev,hard,career,0.6740,0.3730,467
Alexander Zverev,clay,career,0.6460,0.4090,251
Alexander Zverev,grass,career,0.7040,0.3480,79
Alexander Zverev,all,career,0.6682,0.3819,797
Novak Djokovic,hard,52week,0.6890,0.3820,25
Novak Djokovic,clay,52week,0.6470,0.3460,4
Novak Djokovic,grass,52week,0.6950,0.3740,12
Novak Djokovic,all,52week,0.6867,0.3761,41
Novak Djokovic,hard,career,0.6820,0.4180,890
Novak Djokovic,clay,career,0.6510,0.4360,371
Novak Djokovic,grass,career,0.7020,0.3930,153
Novak Djokovic,all,career,0.6760,0.4200,1414
Arthur Fils,hard,52week,0.6780,0.3430,20
Arthur Fils,clay,52week,0.6810,0.3720,11
Arthur Fils,grass,52week,0.6990,0.3640,2
Arthur Fils,all,52week,0.6803,0.3539,33
Arthur Fils,hard,career,0.6660,0.3510,102
Arthur Fils,clay,career,0.6310,0.3960,58
Arthur Fils,grass,career,0.6560,0.3380,13
Arthur Fils,all,career,0.6535,0.3651,173
Rafael Jodar,hard,52week,0.6190,0.3620,14
Rafael Jodar,clay,52week,0.6480,0.4380,23
Rafael Jodar,grass,52week,0.6160,0.4090,3
Rafael Jodar,all,52week,0.6354,0.4092,40
Rafael Jodar,hard,career,0.6190,0.3620,14
Rafael Jodar,clay,career,0.6480,0.4380,23
Rafael Jodar,grass,career,0.6160,0.4090,3
Rafael Jodar,all,career,0.6354,0.4092,40
Felix Auger Aliassime,hard,52week,0.6980,0.3580,53
Felix Auger Aliassime,clay,52week,0.6600,0.3600,13
Felix Auger Aliassime,grass,52week,0.7000,0.3440,12
Felix Auger Aliassime,all,52week,0.6920,0.3562,78
Felix Auger Aliassime,hard,career,0.6730,0.3620,316
Felix Auger Aliassime,clay,career,0.6360,0.3820,105
Felix Auger Aliassime,grass,career,0.7070,0.3380,56
Felix Auger Aliassime,all,career,0.6688,0.3636,477
Daniil Medvedev,hard,52week,0.6620,0.4110,53
Daniil Medvedev,clay,52week,0.6070,0.4040,10
Daniil Medvedev,grass,52week,0.6520,0.3860,10
Daniil Medvedev,all,52week,0.6531,0.4066,73
Daniil Medvedev,hard,career,0.6650,0.4020,471
Daniil Medvedev,clay,career,0.6140,0.4020,88
Daniil Medvedev,grass,career,0.6670,0.3720,85
Daniil Medvedev,all,career,0.6583,0.3980,644
Alex De Minaur,hard,52week,0.6650,0.3960,55
Alex De Minaur,clay,52week,0.6020,0.3960,14
Alex De Minaur,grass,52week,0.6550,0.4340,15
Alex De Minaur,all,52week,0.6527,0.4028,84
Alex De Minaur,hard,career,0.6450,0.3970,375
Alex De Minaur,clay,career,0.6000,0.4100,91
Alex De Minaur,grass,career,0.6590,0.4000,67
Alex De Minaur,all,career,0.6391,0.3996,533
Casper Ruud,hard,52week,0.6790,0.3450,34
Casper Ruud,clay,52week,0.6650,0.4290,25
Casper Ruud,grass,52week,0.6040,0.2930,1
Casper Ruud,all,52week,0.6719,0.3791,60
Casper Ruud,hard,career,0.6640,0.3530,237
Casper Ruud,clay,career,0.6560,0.3990,237
Casper Ruud,grass,career,0.6570,0.3470,13
Casper Ruud,all,career,0.6599,0.3752,487
Tommy Paul,hard,52week,0.6960,0.3710,26
Tommy Paul,clay,52week,0.6210,0.4090,16
Tommy Paul,grass,52week,0.6890,0.3900,10
Tommy Paul,all,52week,0.6716,0.3863,52
Tommy Paul,hard,career,0.6460,0.3890,257
Tommy Paul,clay,career,0.6190,0.3840,80
Tommy Paul,grass,career,0.6670,0.3780,47
Tommy Paul,all,career,0.6429,0.3866,384
Ben Shelton,hard,52week,0.7000,0.3320,41
Ben Shelton,clay,52week,0.7140,0.3190,13
Ben Shelton,grass,52week,0.7080,0.3130,13
Ben Shelton,all,52week,0.7043,0.3258,67
Ben Shelton,hard,career,0.6920,0.3260,146
Ben Shelton,clay,career,0.6590,0.3360,47
Ben Shelton,grass,career,0.6960,0.3120,31
Ben Shelton,all,career,0.6856,0.3262,224
Jiri Lehecka,hard,52week,0.6770,0.3510,42
Jiri Lehecka,clay,52week,0.6740,0.3460,10
Jiri Lehecka,grass,52week,0.7050,0.3390,11
Jiri Lehecka,all,52week,0.6814,0.3481,63
Jiri Lehecka,hard,career,0.6550,0.3480,164
Jiri Lehecka,clay,career,0.6300,0.3720,51
Jiri Lehecka,grass,career,0.7010,0.3370,29
Jiri Lehecka,all,career,0.6552,0.3517,244
Taylor Fritz,hard,52week,0.6980,0.3470,54
Taylor Fritz,clay,52week,0.6190,0.2360,2
Taylor Fritz,grass,52week,0.7420,0.3370,20
Taylor Fritz,all,52week,0.7075,0.3414,76
Taylor Fritz,hard,career,0.6730,0.3590,405
Taylor Fritz,clay,career,0.6440,0.3770,95
Taylor Fritz,grass,career,0.7070,0.3340,85
Taylor Fritz,all,career,0.6732,0.3583,585
Learner Tien,hard,52week,0.6450,0.3820,50
Learner Tien,clay,52week,0.6240,0.4120,13
Learner Tien,grass,52week,0.6260,0.3640,6
Learner Tien,all,52week,0.6394,0.3861,69
Learner Tien,hard,career,0.6270,0.3780,74
Learner Tien,clay,career,0.6140,0.3770,20
Learner Tien,grass,career,0.6310,0.3490,11
Learner Tien,all,career,0.6249,0.3748,105
Joao Fonseca,hard,52week,0.6640,0.3530,24
Joao Fonseca,clay,52week,0.6690,0.3630,18
Joao Fonseca,grass,52week,0.6480,0.3640,7
Joao Fonseca,all,52week,0.6636,0.3582,49
Joao Fonseca,hard,career,0.6740,0.3540,40
Joao Fonseca,clay,career,0.6380,0.3770,41
Joao Fonseca,grass,career,0.6590,0.3560,11
Joao Fonseca,all,career,0.6562,0.3645,92
Jakub Mensik,hard,52week,0.6570,0.3690,39
Jakub Mensik,clay,52week,0.6850,0.3280,12
Jakub Mensik,grass,52week,0.6530,0.3520,6
Jakub Mensik,all,52week,0.6625,0.3586,57
Jakub Mensik,hard,career,0.6560,0.3610,93
Jakub Mensik,clay,career,0.6590,0.3630,30
Jakub Mensik,grass,career,0.6410,0.3470,16
Jakub Mensik,all,career,0.6549,0.3598,139
Frances Tiafoe,hard,52week,0.6530,0.3530,38
Frances Tiafoe,clay,52week,0.6300,0.3770,11
Frances Tiafoe,grass,52week,0.6930,0.3410,13
Frances Tiafoe,all,52week,0.6573,0.3547,62
Frances Tiafoe,hard,career,0.6500,0.3550,336
Frances Tiafoe,clay,career,0.6310,0.3690,102
Frances Tiafoe,grass,career,0.6730,0.3420,55
Frances Tiafoe,all,career,0.6486,0.3564,493
Francisco Cerundolo,hard,52week,0.6180,0.3860,28
Francisco Cerundolo,clay,52week,0.6100,0.4450,27
Francisco Cerundolo,grass,52week,0.6050,0.3740,7
Francisco Cerundolo,all,52week,0.6130,0.4103,62
Francisco Cerundolo,hard,career,0.6200,0.3780,115
Francisco Cerundolo,clay,career,0.6110,0.4210,152
Francisco Cerundolo,grass,career,0.6070,0.3680,23
Francisco Cerundolo,all,career,0.6143,0.3997,290
Andrey Rublev,hard,52week,0.6720,0.3640,36
Andrey Rublev,clay,52week,0.6530,0.3920,22
Andrey Rublev,grass,52week,0.6410,0.2300,2
Andrey Rublev,all,52week,0.6640,0.3698,60
Andrey Rublev,hard,career,0.6630,0.3800,429
Andrey Rublev,clay,career,0.6450,0.4000,156
Andrey Rublev,grass,career,0.6670,0.3570,37
Andrey Rublev,all,career,0.6587,0.3836,622
Raphael Collignon,hard,52week,0.6510,0.3460,21
Raphael Collignon,clay,52week,0.6480,0.3300,13
Raphael Collignon,grass,52week,0.6780,0.2750,5
Raphael Collignon,all,52week,0.6535,0.3316,39
Raphael Collignon,hard,career,0.6460,0.3350,25
Raphael Collignon,clay,career,0.6250,0.3550,18
Raphael Collignon,grass,career,0.6630,0.2740,6
Raphael Collignon,all,career,0.6404,0.3349,49
Flavio Cobolli,hard,52week,0.6260,0.3490,39
Flavio Cobolli,clay,52week,0.6420,0.3770,22
Flavio Cobolli,grass,52week,0.6250,0.3490,6
Flavio Cobolli,all,52week,0.6312,0.3582,67
Flavio Cobolli,hard,career,0.6160,0.3490,93
Flavio Cobolli,clay,career,0.6220,0.4010,69
Flavio Cobolli,grass,career,0.6530,0.3380,22
Flavio Cobolli,all,career,0.6227,0.3672,184
Valentin Vacherot,hard,52week,0.6900,0.3350,32
Valentin Vacherot,clay,52week,0.6520,0.3750,11
Valentin Vacherot,all,52week,0.6803,0.3452,43
Valentin Vacherot,hard,career,0.6900,0.3350,34
Valentin Vacherot,clay,career,0.6260,0.3780,24
Valentin Vacherot,all,career,0.6635,0.3528,58
Alejandro Davidovich Fokina,hard,52week,0.6540,0.3680,42
Alejandro Davidovich Fokina,clay,52week,0.6000,0.3580,10
Alejandro Davidovich Fokina,grass,52week,0.6990,0.3850,12
Alejandro Davidovich Fokina,all,52week,0.6540,0.3696,64
Alejandro Davidovich Fokina,hard,career,0.6230,0.3800,201
Alejandro Davidovich Fokina,clay,career,0.6010,0.4050,105
Alejandro Davidovich Fokina,grass,career,0.6590,0.3720,35
Alejandro Davidovich Fokina,all,career,0.6199,0.3869,341
Alexander Bublik,hard,52week,0.6870,0.3390,39
Alexander Bublik,clay,52week,0.6650,0.3530,20
Alexander Bublik,grass,52week,0.7210,0.3150,8
Alexander Bublik,all,52week,0.6845,0.3403,67
Alexander Bublik,hard,career,0.6420,0.3450,248
Alexander Bublik,clay,career,0.6310,0.3520,89
Alexander Bublik,grass,career,0.6810,0.3500,66
Alexander Bublik,all,career,0.6460,0.3474,403
Alexander Blockx,hard,52week,0.6760,0.3600,11
Alexander Blockx,clay,52week,0.6630,0.3520,22
Alexander Blockx,grass,52week,0.6950,0.2300,1
Alexander Blockx,all,52week,0.6681,0.3510,34
Alexander Blockx,hard,career,0.6590,0.3500,16
Alexander Blockx,clay,career,0.6630,0.3520,22
Alexander Blockx,grass,career,0.6740,0.3150,2
Alexander Blockx,all,career,0.6619,0.3493,40
Stefanos Tsitsipas,hard,52week,0.6770,0.3540,26
Stefanos Tsitsipas,clay,52week,0.6910,0.3340,16
Stefanos Tsitsipas,grass,52week,0.6880,0.3090,3
Stefanos Tsitsipas,all,52week,0.6827,0.3439,45
Stefanos Tsitsipas,hard,career,0.6860,0.3480,363
Stefanos Tsitsipas,clay,career,0.6670,0.3890,177
Stefanos Tsitsipas,grass,career,0.6930,0.3240,45
Stefanos Tsitsipas,all,career,0.6808,0.3586,585
Tomas Machac,hard,52week,0.6400,0.3400,24
Tomas Machac,clay,52week,0.6060,0.3750,14
Tomas Machac,grass,52week,0.6800,0.3580,5
Tomas Machac,all,52week,0.6336,0.3535,43
Tomas Machac,hard,career,0.6480,0.3610,109
Tomas Machac,clay,career,0.5980,0.3990,39
Tomas Machac,grass,career,0.6150,0.3670,9
Tomas Machac,all,career,0.6337,0.3708,157
Lorenzo Musetti,hard,52week,0.6730,0.3790,43
Lorenzo Musetti,clay,52week,0.6380,0.3970,21
Lorenzo Musetti,grass,52week,0.6170,0.2970,1
Lorenzo Musetti,all,52week,0.6608,0.3836,65
Lorenzo Musetti,hard,career,0.6420,0.3660,175
Lorenzo Musetti,clay,career,0.6240,0.4070,123
Lorenzo Musetti,grass,career,0.6600,0.3550,29
Lorenzo Musetti,all,career,0.6368,0.3804,327
Ugo Humbert,hard,52week,0.6850,0.3270,34
Ugo Humbert,clay,52week,0.6090,0.3570,10
Ugo Humbert,grass,52week,0.6690,0.3490,13
Ugo Humbert,all,52week,0.6680,0.3373,57
Ugo Humbert,hard,career,0.6670,0.3490,232
Ugo Humbert,clay,career,0.6090,0.3710,59
Ugo Humbert,grass,career,0.6650,0.3550,65
Ugo Humbert,all,career,0.6570,0.3537,356
Matteo Berrettini,hard,52week,0.6800,0.3170,20
Matteo Berrettini,clay,52week,0.6490,0.3690,17
Matteo Berrettini,grass,52week,0.6990,0.2930,4
Matteo Berrettini,all,52week,0.6690,0.3362,41
Matteo Berrettini,hard,career,0.6850,0.3380,187
Matteo Berrettini,clay,career,0.6820,0.3700,109
Matteo Berrettini,grass,career,0.7110,0.3360,57
Matteo Berrettini,all,career,0.6883,0.3476,353
Luciano Darderi,hard,52week,0.6270,0.3440,23
Luciano Darderi,clay,52week,0.6340,0.3990,34
Luciano Darderi,grass,52week,0.6180,0.2630,3
Luciano Darderi,all,52week,0.6305,0.3711,60
Luciano Darderi,hard,career,0.6150,0.3290,44
Luciano Darderi,clay,career,0.6380,0.3950,96
Luciano Darderi,grass,career,0.6410,0.3310,14
Luciano Darderi,all,career,0.6317,0.3703,154
Karen Khachanov,hard,52week,0.6800,0.3540,32
Karen Khachanov,clay,52week,0.6510,0.3640,13
Karen Khachanov,grass,52week,0.6700,0.3690,9
Karen Khachanov,all,52week,0.6714,0.3589,54
Karen Khachanov,hard,career,0.6640,0.3650,368
Karen Khachanov,clay,career,0.6320,0.3850,146
Karen Khachanov,grass,career,0.6690,0.3470,54
Karen Khachanov,all,career,0.6562,0.3684,568
Dino Prizmic,hard,52week,0.6430,0.3270,11
Dino Prizmic,clay,52week,0.6420,0.3970,20
Dino Prizmic,grass,52week,0.6770,0.2960,2
Dino Prizmic,all,52week,0.6445,0.3675,33
Dino Prizmic,hard,career,0.6160,0.3510,18
Dino Prizmic,clay,career,0.6330,0.4010,25
Dino Prizmic,grass,career,0.6770,0.2960,2
Dino Prizmic,all,career,0.6282,0.3763,45
Brandon Nakashima,hard,52week,0.6800,0.3350,39
Brandon Nakashima,clay,52week,0.6440,0.3770,10
Brandon Nakashima,grass,52week,0.6980,0.3640,9
Brandon Nakashima,all,52week,0.6766,0.3467,58
Brandon Nakashima,hard,career,0.6790,0.3450,184
Brandon Nakashima,clay,career,0.6340,0.3750,46
Brandon Nakashima,grass,career,0.6910,0.3430,41
Brandon Nakashima,all,career,0.6732,0.3498,271
Daniel Merida Aguilar,hard,52week,0.5710,0.2550,1
Daniel Merida Aguilar,clay,52week,0.6110,0.4260,16
Daniel Merida Aguilar,grass,52week,0.5940,0.3890,2
Daniel Merida Aguilar,all,52week,0.6071,0.4131,19
Daniel Merida Aguilar,hard,career,0.5710,0.2550,1
Daniel Merida Aguilar,clay,career,0.6110,0.4260,16
Daniel Merida Aguilar,grass,career,0.5940,0.3890,2
Daniel Merida Aguilar,all,career,0.6071,0.4131,19
Jack Draper,hard,52week,0.7020,0.3340,10
Jack Draper,clay,52week,0.5220,0.3210,1
Jack Draper,grass,52week,0.7130,0.3700,6
Jack Draper,all,52week,0.6953,0.3459,17
Jack Draper,hard,career,0.6660,0.3810,114
Jack Draper,clay,career,0.6500,0.3870,35
Jack Draper,grass,career,0.6930,0.3530,32
Jack Draper,all,career,0.6677,0.3772,181
Hubert Hurkacz,hard,52week,0.6950,0.2980,12
Hubert Hurkacz,clay,52week,0.6860,0.3840,8
Hubert Hurkacz,grass,52week,0.7010,0.3320,7
Hubert Hurkacz,all,52week,0.6939,0.3323,27
Hubert Hurkacz,hard,career,0.6770,0.3480,271
Hubert Hurkacz,clay,career,0.6600,0.3610,85
Hubert Hurkacz,grass,career,0.7030,0.3290,48
Hubert Hurkacz,all,career,0.6765,0.3485,404
Hamad Medjedovic,hard,52week,0.6510,0.3320,20
Hamad Medjedovic,clay,52week,0.6270,0.3720,11
Hamad Medjedovic,grass,52week,0.6660,0.2900,4
Hamad Medjedovic,all,52week,0.6452,0.3398,35
Hamad Medjedovic,hard,career,0.6750,0.3380,48
Hamad Medjedovic,clay,career,0.6170,0.3660,36
Hamad Medjedovic,grass,career,0.6680,0.3130,10
Hamad Medjedovic,all,career,0.6520,0.3461,94
Zizou Bergs,hard,52week,0.6370,0.3520,35
Zizou Bergs,clay,52week,0.6190,0.3630,8
Zizou Bergs,grass,52week,0.6460,0.3880,11
Zizou Bergs,all,52week,0.6362,0.3610,54
Zizou Bergs,hard,career,0.6430,0.3580,98
Zizou Bergs,clay,career,0.6210,0.3710,29
Zizou Bergs,grass,career,0.6430,0.3690,22
Zizou Bergs,all,career,0.6387,0.3622,149
Cameron Norrie,hard,52week,0.6600,0.3480,40
Cameron Norrie,clay,52week,0.6100,0.3630,11
Cameron Norrie,grass,52week,0.6430,0.3430,7
Cameron Norrie,all,52week,0.6485,0.3502,58
Cameron Norrie,hard,career,0.6410,0.3760,280
Cameron Norrie,clay,career,0.6180,0.3940,124
Cameron Norrie,grass,career,0.6520,0.3450,50
Cameron Norrie,all,career,0.6359,0.3775,454
Arthur Fery,hard,52week,0.5940,0.3500,5
Arthur Fery,grass,52week,0.6380,0.3850,13
Arthur Fery,all,52week,0.6258,0.3753,18
Arthur Fery,hard,career,0.5940,0.3500,5
Arthur Fery,grass,career,0.6270,0.3820,15
Arthur Fery,all,career,0.6188,0.3740,20
Juan Manuel Cerundolo,hard,52week,0.6250,0.3170,5
Juan Manuel Cerundolo,clay,52week,0.6130,0.3700,21
Juan Manuel Cerundolo,grass,52week,0.6340,0.3400,4
Juan Manuel Cerundolo,all,52week,0.6178,0.3572,30
Juan Manuel Cerundolo,hard,career,0.5870,0.3420,21
Juan Manuel Cerundolo,clay,career,0.5990,0.3830,60
Juan Manuel Cerundolo,grass,career,0.6080,0.3120,5
Juan Manuel Cerundolo,all,career,0.5966,0.3689,86
Roman Safiullin,hard,52week,0.6340,0.3530,7
Roman Safiullin,grass,52week,0.6730,0.3570,6
Roman Safiullin,all,52week,0.6520,0.3548,13
Roman Safiullin,hard,career,0.6440,0.3650,90
Roman Safiullin,clay,career,0.6240,0.3530,22
Roman Safiullin,grass,career,0.6810,0.3590,22
Roman Safiullin,all,career,0.6468,0.3620,134
Alejandro Tabilo,hard,52week,0.6680,0.3200,22
Alejandro Tabilo,clay,52week,0.6690,0.3730,27
Alejandro Tabilo,grass,52week,0.5740,0.2760,3
Alejandro Tabilo,all,52week,0.6631,0.3450,52
Alejandro Tabilo,hard,career,0.6480,0.3470,82
Alejandro Tabilo,clay,career,0.6270,0.3850,81
Alejandro Tabilo,grass,career,0.6550,0.3110,17
Alejandro Tabilo,all,career,0.6392,0.3607,180
Gael Monfils,hard,52week,0.6260,0.3540,10
Gael Monfils,clay,52week,0.5970,0.3830,6
Gael Monfils,grass,52week,0.6170,0.3690,4
Gael Monfils,all,52week,0.6155,0.3657,20
Gael Monfils,hard,career,0.6500,0.3800,614
Gael Monfils,clay,career,0.6160,0.4000,244
Gael Monfils,grass,career,0.6670,0.3500,84
Gael Monfils,all,career,0.6427,0.3825,942
Kamil Majchrzak,hard,52week,0.6350,0.3650,25
Kamil Majchrzak,clay,52week,0.6180,0.3570,7
Kamil Majchrzak,grass,52week,0.6750,0.3660,12
Kamil Majchrzak,all,52week,0.6432,0.3640,44
Kamil Majchrzak,hard,career,0.6350,0.3610,75
Kamil Majchrzak,clay,career,0.6120,0.3710,29
Kamil Majchrzak,grass,career,0.6720,0.3530,19
Kamil Majchrzak,all,career,0.6353,0.3621,123
Matteo Arnaldi,hard,52week,0.6280,0.3330,17
Matteo Arnaldi,clay,52week,0.6020,0.3680,13
Matteo Arnaldi,grass,52week,0.5740,0.3140,2
Matteo Arnaldi,all,52week,0.6141,0.3460,32
Matteo Arnaldi,hard,career,0.6300,0.3550,87
Matteo Arnaldi,clay,career,0.6050,0.3840,57
Matteo Arnaldi,grass,career,0.6180,0.3120,8
Matteo Arnaldi,all,career,0.6200,0.3636,152
Pablo Carreno Busta,hard,52week,0.6190,0.3610,16
Pablo Carreno Busta,clay,52week,0.6380,0.3700,13
Pablo Carreno Busta,grass,52week,0.6370,0.3850,2
Pablo Carreno Busta,all,52week,0.6281,0.3663,31
Pablo Carreno Busta,hard,career,0.6430,0.3700,298
Pablo Carreno Busta,clay,career,0.6230,0.3960,223
Pablo Carreno Busta,grass,career,0.6250,0.3230,22
Pablo Carreno Busta,all,career,0.6341,0.3788,543
Alex Michelsen,hard,52week,0.6460,0.3630,36
Alex Michelsen,clay,52week,0.6010,0.3810,12
Alex Michelsen,grass,52week,0.5890,0.3690,1
Alex Michelsen,all,52week,0.6338,0.3675,49
Alex Michelsen,hard,career,0.6390,0.3680,109
Alex Michelsen,clay,career,0.5840,0.3670,28
Alex Michelsen,grass,career,0.6650,0.3470,26
Alex Michelsen,all,career,0.6337,0.3645,163
Marin Cilic,hard,52week,0.6780,0.3210,23
Marin Cilic,clay,52week,0.6320,0.3570,10
Marin Cilic,grass,52week,0.6360,0.3470,9
Marin Cilic,all,52week,0.6580,0.3351,42
Marin Cilic,hard,career,0.6630,0.3730,609
Marin Cilic,clay,career,0.6440,0.3940,240
Marin Cilic,grass,career,0.6900,0.3560,123
Marin Cilic,all,career,0.6617,0.3760,972
Eliot Spizzirri,hard,52week,0.6750,0.3830,15
Eliot Spizzirri,all,52week,0.6750,0.3830,15
Eliot Spizzirri,hard,career,0.6580,0.3820,18
Eliot Spizzirri,grass,career,0.5880,0.3530,3
Eliot Spizzirri,all,career,0.6480,0.3779,21
Ignacio Buse,hard,52week,0.6130,0.2960,2
Ignacio Buse,clay,52week,0.6270,0.3770,27
Ignacio Buse,grass,52week,0.6260,0.3440,6
Ignacio Buse,all,52week,0.6260,0.3667,35
Ignacio Buse,hard,career,0.6140,0.3260,5
Ignacio Buse,clay,career,0.6240,0.3760,34
Ignacio Buse,grass,career,0.6260,0.3440,6
Ignacio Buse,all,career,0.6232,0.3662,45
Ethan Quinn,hard,52week,0.6490,0.3320,23
Ethan Quinn,clay,52week,0.6170,0.3120,8
Ethan Quinn,grass,52week,0.6630,0.3610,11
Ethan Quinn,all,52week,0.6466,0.3358,42
Ethan Quinn,hard,career,0.6360,0.3320,33
Ethan Quinn,clay,career,0.6080,0.3460,16
Ethan Quinn,grass,career,0.6530,0.3710,17
Ethan Quinn,all,career,0.6336,0.3454,66
Arthur Cazaux,hard,52week,0.6520,0.3280,14
Arthur Cazaux,clay,52week,0.6690,0.3250,11
Arthur Cazaux,grass,52week,0.6330,0.3410,2
Arthur Cazaux,all,52week,0.6575,0.3277,27
Arthur Cazaux,hard,career,0.6490,0.3460,41
Arthur Cazaux,clay,career,0.6360,0.3310,17
Arthur Cazaux,grass,career,0.6420,0.2930,5
Arthur Cazaux,all,career,0.6449,0.3377,63
Mariano Navone,hard,52week,0.5940,0.3710,13
Mariano Navone,clay,52week,0.5940,0.4490,27
Mariano Navone,grass,52week,0.6330,0.3860,2
Mariano Navone,all,52week,0.5959,0.4219,42
Mariano Navone,hard,career,0.6010,0.3630,35
Mariano Navone,clay,career,0.5880,0.4400,74
Mariano Navone,grass,career,0.6110,0.3500,7
Mariano Navone,all,career,0.5933,0.4113,116
Fabian Marozsan,hard,52week,0.6430,0.3600,31
Fabian Marozsan,clay,52week,0.6410,0.3480,12
Fabian Marozsan,grass,52week,0.6450,0.3310,11
Fabian Marozsan,all,52week,0.6430,0.3514,54
Fabian Marozsan,hard,career,0.6370,0.3650,94
Fabian Marozsan,clay,career,0.6350,0.3680,43
Fabian Marozsan,grass,career,0.6340,0.3150,20
Fabian Marozsan,all,career,0.6361,0.3595,157
Tomas Martin Etcheverry,hard,52week,0.6680,0.3510,30
Tomas Martin Etcheverry,clay,52week,0.6550,0.3630,29
Tomas Martin Etcheverry,grass,52week,0.6500,0.2580,3
Tomas Martin Etcheverry,all,52week,0.6610,0.3521,62
Tomas Martin Etcheverry,hard,career,0.6480,0.3490,96
Tomas Martin Etcheverry,clay,career,0.6370,0.3810,119
Tomas Martin Etcheverry,grass,career,0.6460,0.3170,17
Tomas Martin Etcheverry,all,career,0.6422,0.3631,232
Arthur Rinderknech,hard,52week,0.6660,0.3120,35
Arthur Rinderknech,clay,52week,0.6800,0.3600,19
Arthur Rinderknech,grass,52week,0.7410,0.3050,5
Arthur Rinderknech,all,52week,0.6769,0.3269,59
Arthur Rinderknech,hard,career,0.6590,0.3220,143
Arthur Rinderknech,clay,career,0.6550,0.3480,68
Arthur Rinderknech,grass,career,0.6810,0.3110,34
Arthur Rinderknech,all,career,0.6609,0.3277,245
Sebastian Korda,hard,52week,0.6770,0.3710,42
Sebastian Korda,clay,52week,0.6540,0.3620,10
Sebastian Korda,all,52week,0.6726,0.3693,52
Sebastian Korda,hard,career,0.6560,0.3730,189
Sebastian Korda,clay,career,0.6190,0.3900,52
Sebastian Korda,grass,career,0.6700,0.3680,25
Sebastian Korda,all,career,0.6501,0.3759,266
Nuno Borges,hard,52week,0.6480,0.3290,32
Nuno Borges,clay,52week,0.6310,0.3950,18
Nuno Borges,grass,52week,0.6900,0.3480,9
Nuno Borges,all,52week,0.6492,0.3520,59
Nuno Borges,hard,career,0.6390,0.3490,102
Nuno Borges,clay,career,0.6280,0.3820,64
Nuno Borges,grass,career,0.6700,0.3390,24
Nuno Borges,all,career,0.6392,0.3589,190
Yannick Hanfmann,hard,52week,0.6840,0.3490,14
Yannick Hanfmann,clay,52week,0.6770,0.3630,27
Yannick Hanfmann,grass,52week,0.7090,0.3230,8
Yannick Hanfmann,all,52week,0.6842,0.3525,49
Yannick Hanfmann,hard,career,0.6310,0.3430,58
Yannick Hanfmann,clay,career,0.6350,0.3770,129
Yannick Hanfmann,grass,career,0.6710,0.3330,27
Yannick Hanfmann,all,career,0.6385,0.3622,214
Tallon Griekspoor,hard,52week,0.6670,0.3000,28
Tallon Griekspoor,clay,52week,0.6090,0.3450,9
Tallon Griekspoor,grass,52week,0.6260,0.3210,5
Tallon Griekspoor,all,52week,0.6497,0.3121,42
Tallon Griekspoor,hard,career,0.6660,0.3150,168
Tallon Griekspoor,clay,career,0.6420,0.3590,63
Tallon Griekspoor,grass,career,0.6680,0.3140,36
Tallon Griekspoor,all,career,0.6606,0.3252,267
Jordan Thompson,hard,52week,0.6480,0.3330,14
Jordan Thompson,clay,52week,0.6290,0.3500,6
Jordan Thompson,grass,52week,0.6660,0.3310,7
Jordan Thompson,all,52week,0.6484,0.3363,27
Jordan Thompson,hard,career,0.6380,0.3590,216
Jordan Thompson,clay,career,0.6020,0.3500,50
Jordan Thompson,grass,career,0.6580,0.3460,67
Jordan Thompson,all,career,0.6366,0.3550,333
Alex Molcan,clay,52week,0.6410,0.4040,14
Alex Molcan,grass,52week,0.6460,0.3670,3
Alex Molcan,all,52week,0.6419,0.3975,17
Alex Molcan,hard,career,0.6120,0.3550,42
Alex Molcan,clay,career,0.6140,0.4050,63
Alex Molcan,grass,career,0.6420,0.3450,10
Alex Molcan,all,career,0.6157,0.3815,115
Michael Zheng,hard,52week,0.5830,0.3180,4
Michael Zheng,grass,52week,0.6680,0.3390,3
Michael Zheng,all,52week,0.6194,0.3270,7
Marton Fucsovics,hard,52week,0.6290,0.3940,27
Marton Fucsovics,clay,52week,0.6140,0.3330,6
Marton Fucsovics,grass,52week,0.6350,0.3460,9
Marton Fucsovics,all,52week,0.6281,0.3750,42
Marton Fucsovics,hard,career,0.6260,0.3830,227
Marton Fucsovics,clay,career,0.6100,0.4030,104
Marton Fucsovics,grass,career,0.6430,0.3540,46
Marton Fucsovics,all,career,0.6237,0.3850,377
Soon Woo Kwon,grass,52week,0.6490,0.3640,2
Soon Woo Kwon,all,52week,0.6490,0.3640,2
Soon Woo Kwon,hard,career,0.6270,0.3640,107
Soon Woo Kwon,clay,career,0.6050,0.3750,21
Soon Woo Kwon,grass,career,0.6350,0.3450,14
Soon Woo Kwon,all,career,0.6245,0.3638,142
Jaime Faria,hard,52week,0.6050,0.3330,3
Jaime Faria,clay,52week,0.6380,0.3590,14
Jaime Faria,grass,52week,0.6650,0.3360,2
Jaime Faria,all,52week,0.6356,0.3525,19
Jaime Faria,hard,career,0.6130,0.3510,7
Jaime Faria,clay,career,0.6440,0.3490,25
Jaime Faria,grass,career,0.6440,0.3100,3
Jaime Faria,all,career,0.6378,0.3461,35
Miomir Kecmanovic,hard,52week,0.6450,0.3610,35
Miomir Kecmanovic,clay,52week,0.6250,0.3590,10
Miomir Kecmanovic,grass,52week,0.6540,0.2930,5
Miomir Kecmanovic,all,52week,0.6419,0.3538,50
Miomir Kecmanovic,hard,career,0.6420,0.3630,241
Miomir Kecmanovic,clay,career,0.6140,0.3940,94
Miomir Kecmanovic,grass,career,0.6530,0.3320,42
Miomir Kecmanovic,all,career,0.6362,0.3673,377
Jaume Munar,hard,52week,0.6570,0.3790,35
Jaume Munar,clay,52week,0.5830,0.3730,10
Jaume Munar,grass,52week,0.6670,0.3670,5
Jaume Munar,all,52week,0.6432,0.3766,50
Jaume Munar,hard,career,0.6240,0.3740,122
Jaume Munar,clay,career,0.6020,0.4040,158
Jaume Munar,grass,career,0.6350,0.3560,25
Jaume Munar,all,career,0.6135,0.3881,305
Denis Shapovalov,hard,52week,0.6340,0.3890,31
Denis Shapovalov,clay,52week,0.5920,0.3370,7
Denis Shapovalov,grass,52week,0.6140,0.3540,5
Denis Shapovalov,all,52week,0.6248,0.3765,43
Denis Shapovalov,hard,career,0.6600,0.3630,320
Denis Shapovalov,clay,career,0.6310,0.3580,83
Denis Shapovalov,grass,career,0.6680,0.3400,49
Denis Shapovalov,all,career,0.6555,0.3596,452
Grigor Dimitrov,hard,52week,0.6480,0.3200,10
Grigor Dimitrov,clay,52week,0.5660,0.3470,4
Grigor Dimitrov,grass,52week,0.6910,0.3670,7
Grigor Dimitrov,all,52week,0.6467,0.3408,21
Grigor Dimitrov,hard,career,0.6620,0.3680,527
Grigor Dimitrov,clay,career,0.6420,0.3860,185
Grigor Dimitrov,grass,career,0.6850,0.3620,91
Grigor Dimitrov,all,career,0.6600,0.3715,803
Holger Rune,hard,52week,0.6650,0.3690,47
Holger Rune,clay,52week,0.6310,0.3870,16
Holger Rune,grass,52week,0.6710,0.3030,4
Holger Rune,all,52week,0.6572,0.3694,67
Holger Rune,hard,career,0.6610,0.3630,174
Holger Rune,clay,career,0.6300,0.3860,91
Holger Rune,grass,career,0.6790,0.3240,21
Holger Rune,all,career,0.6525,0.3675,286
Camilo Ugo Carabelli,hard,52week,0.5840,0.3120,19
Camilo Ugo Carabelli,clay,52week,0.6080,0.3700,23
Camilo Ugo Carabelli,grass,52week,0.5340,0.4040,1
Camilo Ugo Carabelli,all,52week,0.5957,0.3452,43
Camilo Ugo Carabelli,hard,career,0.5800,0.3290,25
Camilo Ugo Carabelli,clay,career,0.5930,0.3810,59
Camilo Ugo Carabelli,grass,career,0.5680,0.3200,4
Camilo Ugo Carabelli,all,career,0.5882,0.3635,88
Thiago Agustin Tirante,hard,52week,0.6370,0.3590,7
Thiago Agustin Tirante,clay,52week,0.6670,0.3750,25
Thiago Agustin Tirante,grass,52week,0.6130,0.2890,3
Thiago Agustin Tirante,all,52week,0.6564,0.3644,35
Thiago Agustin Tirante,hard,career,0.6340,0.3580,12
Thiago Agustin Tirante,clay,career,0.6480,0.3630,40
Thiago Agustin Tirante,grass,career,0.6130,0.2890,3
Thiago Agustin Tirante,all,career,0.6430,0.3579,55
Sebastian Baez,hard,52week,0.6060,0.3830,25
Sebastian Baez,clay,52week,0.6010,0.3760,24
Sebastian Baez,grass,52week,0.6570,0.3250,1
Sebastian Baez,all,52week,0.6046,0.3785,50
Sebastian Baez,hard,career,0.5910,0.3660,93
Sebastian Baez,clay,career,0.6120,0.4160,150
Sebastian Baez,grass,career,0.6140,0.3170,12
Sebastian Baez,all,career,0.6044,0.3931,255
Reilly Opelka,hard,52week,0.7160,0.2700,28
Reilly Opelka,clay,52week,0.6410,0.3120,5
Reilly Opelka,grass,52week,0.6870,0.2930,10
Reilly Opelka,all,52week,0.7005,0.2802,43
Reilly Opelka,hard,career,0.7150,0.2770,185
Reilly Opelka,clay,career,0.6590,0.3060,41
Reilly Opelka,grass,career,0.6810,0.2850,25
Reilly Opelka,all,career,0.7025,0.2825,251
Juncheng Shang,hard,52week,0.6440,0.3270,16
Juncheng Shang,all,52week,0.6440,0.3270,16
Juncheng Shang,hard,career,0.6330,0.3570,72
Juncheng Shang,clay,career,0.5810,0.3520,6
Juncheng Shang,grass,career,0.7010,0.2700,5
Juncheng Shang,all,career,0.6333,0.3514,83
Zachary Svajda,hard,52week,0.6370,0.3250,11
Zachary Svajda,clay,52week,0.5820,0.2820,7
Zachary Svajda,grass,52week,0.6500,0.3470,4
Zachary Svajda,all,52week,0.6219,0.3153,22
Zachary Svajda,hard,career,0.6170,0.3440,33
Zachary Svajda,clay,career,0.5820,0.2820,7
Zachary Svajda,grass,career,0.6390,0.3580,5
Zachary Svajda,all,career,0.6140,0.3359,45
Titouan Droguet,hard,52week,0.7160,0.3050,4
Titouan Droguet,clay,52week,0.6080,0.3860,10
Titouan Droguet,grass,52week,0.5380,0.1970,1
Titouan Droguet,all,52week,0.6321,0.3518,15
Titouan Droguet,hard,career,0.6640,0.3320,7
Titouan Droguet,clay,career,0.6090,0.3920,14
Titouan Droguet,grass,career,0.5380,0.1970,1
Titouan Droguet,all,career,0.6233,0.3640,22
Jan Lennard Struff,hard,52week,0.6480,0.3580,19
Jan Lennard Struff,clay,52week,0.6280,0.3710,12
Jan Lennard Struff,grass,52week,0.6710,0.3190,9
Jan Lennard Struff,all,52week,0.6472,0.3531,40
Jan Lennard Struff,hard,career,0.6450,0.3500,290
Jan Lennard Struff,clay,career,0.6320,0.3780,168
Jan Lennard Struff,grass,career,0.6780,0.3210,71
Jan Lennard Struff,all,career,0.6453,0.3550,529
Benjamin Bonzi,hard,52week,0.6360,0.3450,18
Benjamin Bonzi,clay,52week,0.6970,0.2800,3
Benjamin Bonzi,grass,52week,0.6670,0.3630,6
Benjamin Bonzi,all,52week,0.6497,0.3418,27
Benjamin Bonzi,hard,career,0.6430,0.3610,100
Benjamin Bonzi,clay,career,0.6020,0.3560,24
Benjamin Bonzi,grass,career,0.6640,0.3410,27
Benjamin Bonzi,all,career,0.6402,0.3566,151
Marcos Giron,hard,52week,0.6400,0.3610,33
Marcos Giron,clay,52week,0.6750,0.2480,4
Marcos Giron,grass,52week,0.6560,0.3490,9
Marcos Giron,all,52week,0.6462,0.3488,46
Marcos Giron,hard,career,0.6380,0.3570,201
Marcos Giron,clay,career,0.6080,0.3590,54
Marcos Giron,grass,career,0.6560,0.3360,44
Marcos Giron,all,career,0.6352,0.3543,299
Alexei Popyrin,hard,52week,0.6560,0.3240,23
Alexei Popyrin,clay,52week,0.6680,0.3360,12
Alexei Popyrin,grass,52week,0.6130,0.3130,4
Alexei Popyrin,all,52week,0.6553,0.3266,39
Alexei Popyrin,hard,career,0.6560,0.3340,174
Alexei Popyrin,clay,career,0.6420,0.3480,67
Alexei Popyrin,grass,career,0.6490,0.3180,27
Alexei Popyrin,all,career,0.6518,0.3359,268
Lorenzo Sonego,hard,52week,0.6540,0.3520,27
Lorenzo Sonego,clay,52week,0.6210,0.3230,9
Lorenzo Sonego,grass,52week,0.7020,0.3000,6
Lorenzo Sonego,all,52week,0.6538,0.3384,42
Lorenzo Sonego,hard,career,0.6580,0.3370,198
Lorenzo Sonego,clay,career,0.6350,0.3580,121
Lorenzo Sonego,grass,career,0.6830,0.3370,53
Lorenzo Sonego,all,career,0.6541,0.3438,372
Botic Van De Zandschulp,hard,52week,0.6570,0.3600,27
Botic Van De Zandschulp,clay,52week,0.6280,0.3920,17
Botic Van De Zandschulp,grass,52week,0.6210,0.3630,5
Botic Van De Zandschulp,all,52week,0.6433,0.3714,49
Botic Van De Zandschulp,hard,career,0.6330,0.3670,161
Botic Van De Zandschulp,clay,career,0.6070,0.4000,66
Botic Van De Zandschulp,grass,career,0.6340,0.3630,26
Botic Van De Zandschulp,all,career,0.6263,0.3752,253
Rinky Hijikata,hard,52week,0.6260,0.3400,17
Rinky Hijikata,clay,52week,0.5960,0.3610,5
Rinky Hijikata,grass,52week,0.6530,0.3540,8
Rinky Hijikata,all,52week,0.6282,0.3472,30
Rinky Hijikata,hard,career,0.5980,0.3580,74
Rinky Hijikata,clay,career,0.5950,0.3270,14
Rinky Hijikata,grass,career,0.6340,0.3700,24
Rinky Hijikata,all,career,0.6053,0.3567,112
Toby Samuel,grass,52week,0.6260,0.3700,5
Toby Samuel,all,52week,0.6260,0.3700,5
Corentin Moutet,hard,52week,0.6120,0.3870,35
Corentin Moutet,clay,52week,0.6030,0.4090,12
Corentin Moutet,grass,52week,0.6260,0.3460,7
Corentin Moutet,all,52week,0.6118,0.3866,54
Corentin Moutet,hard,career,0.6060,0.3700,117
Corentin Moutet,clay,career,0.5870,0.3990,86
Corentin Moutet,grass,career,0.6280,0.3570,32
Corentin Moutet,all,career,0.6020,0.3788,235
Pablo Llamas Ruiz,hard,52week,0.6100,0.2650,1
Pablo Llamas Ruiz,clay,52week,0.5940,0.4130,4
Pablo Llamas Ruiz,grass,52week,0.5570,0.1820,1
Pablo Llamas Ruiz,all,52week,0.5905,0.3498,6
Pablo Llamas Ruiz,hard,career,0.6230,0.3010,3
Pablo Llamas Ruiz,clay,career,0.6060,0.3970,14
Pablo Llamas Ruiz,grass,career,0.5570,0.1820,1
Pablo Llamas Ruiz,all,career,0.6061,0.3691,18
Jenson Brooksby,hard,52week,0.6200,0.3700,26
Jenson Brooksby,clay,52week,0.5420,0.3410,5
Jenson Brooksby,grass,52week,0.6260,0.3880,10
Jenson Brooksby,all,52week,0.6120,0.3709,41
Jenson Brooksby,hard,career,0.6180,0.3820,92
Jenson Brooksby,clay,career,0.5870,0.3790,19
Jenson Brooksby,grass,career,0.6350,0.3950,28
Jenson Brooksby,all,career,0.6172,0.3842,139
Giovanni Mpetshi Perricard,hard,52week,0.7050,0.2660,36
Giovanni Mpetshi Perricard,clay,52week,0.6220,0.3330,4
Giovanni Mpetshi Perricard,grass,52week,0.7040,0.2480,6
Giovanni Mpetshi Perricard,all,52week,0.6977,0.2695,46
Giovanni Mpetshi Perricard,hard,career,0.7060,0.2610,66
Giovanni Mpetshi Perricard,clay,career,0.6450,0.3230,19
Giovanni Mpetshi Perricard,grass,career,0.7080,0.2580,17
Giovanni Mpetshi Perricard,all,career,0.6950,0.2720,102
Daniel Altmaier,hard,52week,0.6210,0.3120,24
Daniel Altmaier,clay,52week,0.6270,0.3670,19
Daniel Altmaier,grass,52week,0.6540,0.3210,8
Daniel Altmaier,all,52week,0.6284,0.3339,51
Daniel Altmaier,hard,career,0.6190,0.3260,92
Daniel Altmaier,clay,career,0.6120,0.3750,92
Daniel Altmaier,grass,career,0.6420,0.3070,26
Daniel Altmaier,all,career,0.6188,0.3451,210
Adam Walton,hard,52week,0.6460,0.3290,23
Adam Walton,clay,52week,0.5460,0.3480,5
Adam Walton,grass,52week,0.6880,0.3140,3
Adam Walton,all,52week,0.6339,0.3306,31
Adam Walton,hard,career,0.6440,0.3360,46
Adam Walton,clay,career,0.5780,0.3480,10
Adam Walton,grass,career,0.6640,0.3200,9
Adam Walton,all,career,0.6366,0.3356,65
Nishesh Basavareddy,hard,52week,0.6230,0.3470,15
Nishesh Basavareddy,clay,52week,0.5790,0.3250,5
Nishesh Basavareddy,grass,52week,0.5700,0.2410,3
Nishesh Basavareddy,all,52week,0.6065,0.3284,23
Nishesh Basavareddy,hard,career,0.6270,0.3450,26
Nishesh Basavareddy,clay,career,0.5640,0.3290,6
Nishesh Basavareddy,grass,career,0.5700,0.2410,3
Nishesh Basavareddy,all,career,0.6113,0.3333,35
Adolfo Daniel Vallejo,clay,52week,0.6210,0.3910,14
Adolfo Daniel Vallejo,grass,52week,0.5820,0.3720,2
Adolfo Daniel Vallejo,all,52week,0.6161,0.3886,16
Adolfo Daniel Vallejo,clay,career,0.6110,0.3850,18
Adolfo Daniel Vallejo,grass,career,0.5820,0.3720,2
Adolfo Daniel Vallejo,all,career,0.6081,0.3837,20
Roman Andres Burruchaga,clay,52week,0.6130,0.4270,21
Roman Andres Burruchaga,grass,52week,0.5540,0.3060,2
Roman Andres Burruchaga,all,52week,0.6079,0.4165,23
Roman Andres Burruchaga,clay,career,0.5970,0.4190,32
Roman Andres Burruchaga,grass,career,0.5540,0.3060,2
Roman Andres Burruchaga,all,career,0.5945,0.4124,34
Mattia Bellucci,hard,52week,0.5870,0.3570,17
Mattia Bellucci,clay,52week,0.6190,0.3430,7
Mattia Bellucci,grass,52week,0.6890,0.3460,11
Mattia Bellucci,all,52week,0.6255,0.3507,35
Mattia Bellucci,hard,career,0.6240,0.3440,38
Mattia Bellucci,clay,career,0.6200,0.3420,14
Mattia Bellucci,grass,career,0.6820,0.3410,13
Mattia Bellucci,all,career,0.6347,0.3430,65
Quentin Halys,hard,52week,0.6500,0.3420,25
Quentin Halys,clay,52week,0.7370,0.3220,12
Quentin Halys,grass,52week,0.6360,0.3580,5
Quentin Halys,all,52week,0.6732,0.3382,42
Quentin Halys,hard,career,0.6470,0.3290,102
Quentin Halys,clay,career,0.6710,0.3270,42
Quentin Halys,grass,career,0.6900,0.3290,22
Quentin Halys,all,career,0.6588,0.3285,166
Vit Kopriva,hard,52week,0.5840,0.3530,11
Vit Kopriva,clay,52week,0.6160,0.3800,24
Vit Kopriva,grass,52week,0.6360,0.3070,5
Vit Kopriva,all,52week,0.6097,0.3634,40
Vit Kopriva,hard,career,0.5850,0.3570,17
Vit Kopriva,clay,career,0.6010,0.3900,48
Vit Kopriva,grass,career,0.6160,0.2980,7
Vit Kopriva,all,career,0.5987,0.3733,72
Otto Virtanen,hard,52week,0.6000,0.2540,3
Otto Virtanen,clay,52week,0.5430,0.4180,3
Otto Virtanen,grass,52week,0.6660,0.3000,3
Otto Virtanen,all,52week,0.6030,0.3240,9
Otto Virtanen,hard,career,0.6290,0.3220,27
Otto Virtanen,clay,career,0.5820,0.3800,12
Otto Virtanen,grass,career,0.6690,0.3290,7
Otto Virtanen,all,career,0.6228,0.3382,46
Gabriel Diallo,hard,52week,0.6520,0.3270,33
Gabriel Diallo,clay,52week,0.5290,0.3920,6
Gabriel Diallo,grass,52week,0.6520,0.3190,9
Gabriel Diallo,all,52week,0.6366,0.3336,48
Gabriel Diallo,hard,career,0.6450,0.3400,68
Gabriel Diallo,clay,career,0.6190,0.3930,17
Gabriel Diallo,grass,career,0.6640,0.3220,21
Gabriel Diallo,all,career,0.6446,0.3449,106
Jan Choinski,hard,52week,0.5930,0.2980,3
Jan Choinski,clay,52week,0.5830,0.3800,2
Jan Choinski,grass,52week,0.6530,0.3600,5
Jan Choinski,all,52week,0.6210,0.3454,10
Jan Choinski,hard,career,0.6000,0.3130,4
Jan Choinski,clay,career,0.6030,0.3690,5
Jan Choinski,grass,career,0.6250,0.3420,11
Jan Choinski,all,career,0.6145,0.3429,20
Jesper De Jong,hard,52week,0.6250,0.3210,13
Jesper De Jong,clay,52week,0.5870,0.3570,10
Jesper De Jong,grass,52week,0.6130,0.3380,2
Jesper De Jong,all,52week,0.6088,0.3368,25
Jesper De Jong,hard,career,0.6390,0.3160,22
Jesper De Jong,clay,career,0.6140,0.3780,30
Jesper De Jong,grass,career,0.6360,0.3230,7
Jesper De Jong,all,career,0.6259,0.3484,59
Zsombor Piros,hard,career,0.5640,0.4010,12
Zsombor Piros,clay,career,0.5980,0.3670,8
Zsombor Piros,all,career,0.5776,0.3874,20
Kei Nishikori,hard,52week,0.5620,0.3280,1
Kei Nishikori,clay,52week,0.6450,0.3680,4
Kei Nishikori,all,52week,0.6284,0.3600,5
Kei Nishikori,hard,career,0.6370,0.3910,457
Kei Nishikori,clay,career,0.6230,0.4120,161
Kei Nishikori,grass,career,0.6560,0.3710,71
Kei Nishikori,all,career,0.6357,0.3938,689
Martin Landaluce,hard,52week,0.6590,0.3350,10
Martin Landaluce,clay,52week,0.6220,0.3710,10
Martin Landaluce,grass,52week,0.6540,0.3130,5
Martin Landaluce,all,52week,0.6432,0.3450,25
Martin Landaluce,hard,career,0.6460,0.3230,14
Martin Landaluce,clay,career,0.6000,0.3620,15
Martin Landaluce,grass,career,0.6540,0.3130,5
Martin Landaluce,all,career,0.6269,0.3387,34
Martin Damm,hard,52week,0.7160,0.2960,10
Martin Damm,clay,52week,0.6550,0.2670,3
Martin Damm,grass,52week,0.6660,0.2900,5
Martin Damm,all,52week,0.6919,0.2895,18
Martin Damm,hard,career,0.7100,0.3050,13
Martin Damm,clay,career,0.6550,0.2670,3
Martin Damm,grass,career,0.6660,0.2900,5
Martin Damm,all,career,0.6917,0.2960,21
Yibing Wu,hard,52week,0.6330,0.3370,18
Yibing Wu,clay,52week,0.6320,0.2900,3
Yibing Wu,grass,52week,0.6730,0.3050,2
Yibing Wu,all,52week,0.6363,0.3281,23
Yibing Wu,hard,career,0.6300,0.3510,53
Yibing Wu,clay,career,0.5530,0.3470,12
Yibing Wu,grass,career,0.6330,0.3400,7
Yibing Wu,all,career,0.6175,0.3493,72
Sebastian Ofner,hard,52week,0.6520,0.2940,7
Sebastian Ofner,clay,52week,0.6300,0.2850,9
Sebastian Ofner,grass,52week,0.6650,0.3570,2
Sebastian Ofner,all,52week,0.6424,0.2965,18
Sebastian Ofner,hard,career,0.6420,0.3350,42
Sebastian Ofner,clay,career,0.6140,0.3600,62
Sebastian Ofner,grass,career,0.6610,0.3220,21
Sebastian Ofner,all,career,0.6313,0.3452,125
Terence Atmane,hard,52week,0.6480,0.3400,26
Terence Atmane,clay,52week,0.6530,0.3140,13
Terence Atmane,grass,52week,0.6680,0.2600,5
Terence Atmane,all,52week,0.6517,0.3232,44
Terence Atmane,hard,career,0.6340,0.3390,36
Terence Atmane,clay,career,0.6360,0.3310,18
Terence Atmane,grass,career,0.6680,0.2600,5
Terence Atmane,all,career,0.6375,0.3299,59
Roberto Bautista Agut,hard,52week,0.6240,0.3400,15
Roberto Bautista Agut,clay,52week,0.5640,0.3170,7
Roberto Bautista Agut,grass,52week,0.6560,0.3320,3
Roberto Bautista Agut,all,52week,0.6110,0.3326,25
Roberto Bautista Agut,hard,career,0.6450,0.3890,467
Roberto Bautista Agut,clay,career,0.6210,0.4000,193
Roberto Bautista Agut,grass,career,0.6630,0.3770,87
Roberto Bautista Agut,all,career,0.6409,0.3904,747
Laslo Djere,hard,52week,0.6210,0.2920,5
Laslo Djere,clay,52week,0.6110,0.3280,4
Laslo Djere,all,52week,0.6166,0.3080,9
Laslo Djere,hard,career,0.6180,0.3440,119
Laslo Djere,clay,career,0.6340,0.3820,181
Laslo Djere,grass,career,0.6440,0.3150,26
Laslo Djere,all,career,0.6290,0.3628,326
Kyrian Jacquet,hard,52week,0.6690,0.3410,4
Kyrian Jacquet,clay,52week,0.5710,0.4010,4
Kyrian Jacquet,grass,52week,0.6520,0.3740,2
Kyrian Jacquet,all,52week,0.6264,0.3716,10
Kyrian Jacquet,hard,career,0.6430,0.3360,5
Kyrian Jacquet,clay,career,0.5770,0.3900,5
Kyrian Jacquet,grass,career,0.6520,0.3740,2
Kyrian Jacquet,all,career,0.6170,0.3648,12
Emilio Nava,hard,52week,0.6520,0.3320,15
Emilio Nava,clay,52week,0.6120,0.3320,12
Emilio Nava,grass,52week,0.5950,0.3040,1
Emilio Nava,all,52week,0.6328,0.3310,28
Emilio Nava,hard,career,0.6250,0.3140,31
Emilio Nava,clay,career,0.6100,0.3370,15
Emilio Nava,grass,career,0.5810,0.2890,2
Emilio Nava,all,career,0.6185,0.3201,48
Leandro Riedi,hard,52week,0.6070,0.4080,6
Leandro Riedi,grass,52week,0.6000,0.2050,1
Leandro Riedi,all,52week,0.6060,0.3790,7
Leandro Riedi,hard,career,0.6070,0.3540,13
Leandro Riedi,clay,career,0.6540,0.3370,4
Leandro Riedi,grass,career,0.6000,0.2050,1
Leandro Riedi,all,career,0.6171,0.3419,18
Alexander Shevchenko,hard,52week,0.6380,0.3220,21
Alexander Shevchenko,clay,52week,0.6240,0.3680,15
Alexander Shevchenko,grass,52week,0.5660,0.2430,1
Alexander Shevchenko,all,52week,0.6304,0.3385,37
Alexander Shevchenko,hard,career,0.6210,0.3410,83
Alexander Shevchenko,clay,career,0.5900,0.3850,53
Alexander Shevchenko,grass,career,0.5930,0.3010,6
Alexander Shevchenko,all,career,0.6082,0.3557,142
Jacob Fearnley,hard,52week,0.5940,0.3400,16
Jacob Fearnley,clay,52week,0.6060,0.3810,2
Jacob Fearnley,grass,52week,0.6130,0.3720,2
Jacob Fearnley,all,52week,0.5971,0.3473,20
Jacob Fearnley,hard,career,0.6020,0.3470,26
Jacob Fearnley,clay,career,0.6140,0.4040,14
Jacob Fearnley,grass,career,0.6380,0.3390,12
Jacob Fearnley,all,career,0.6135,0.3605,52
Bu Yunchaokete,hard,52week,0.6300,0.3370,19
Bu Yunchaokete,all,52week,0.6300,0.3370,19
Bu Yunchaokete,hard,career,0.6440,0.3450,50
Bu Yunchaokete,clay,career,0.6070,0.3430,8
Bu Yunchaokete,grass,career,0.5920,0.3210,2
Bu Yunchaokete,all,career,0.6373,0.3439,60
Luca Van Assche,hard,52week,0.6430,0.3300,1
Luca Van Assche,clay,52week,0.6020,0.4220,12
Luca Van Assche,grass,52week,0.4050,0.3950,1
Luca Van Assche,all,52week,0.5909,0.4135,14
Luca Van Assche,hard,career,0.6310,0.3460,39
Luca Van Assche,clay,career,0.5930,0.3970,33
Luca Van Assche,grass,career,0.5470,0.3730,5
Luca Van Assche,all,career,0.6093,0.3696,77
Yoshihito Nishioka,hard,52week,0.5730,0.3510,13
Yoshihito Nishioka,clay,52week,0.6090,0.2600,2
Yoshihito Nishioka,grass,52week,0.6400,0.2590,2
Yoshihito Nishioka,all,52week,0.5851,0.3295,17
Yoshihito Nishioka,hard,career,0.6120,0.3700,248
Yoshihito Nishioka,clay,career,0.5850,0.3770,49
Yoshihito Nishioka,grass,career,0.6090,0.3140,17
Yoshihito Nishioka,all,career,0.6076,0.3681,314
Andrea Vavassori,hard,career,0.6270,0.3230,9
Andrea Vavassori,clay,career,0.6130,0.3640,13
Andrea Vavassori,grass,career,0.6080,0.1650,2
Andrea Vavassori,all,career,0.6178,0.3320,24
Jason Kubler,hard,career,0.6230,0.3490,36
Jason Kubler,clay,career,0.5950,0.3860,15
Jason Kubler,grass,career,0.6340,0.3520,13
Jason Kubler,all,career,0.6187,0.3583,64
Facundo Diaz Acosta,clay,52week,0.6350,0.3150,6
Facundo Diaz Acosta,all,52week,0.6350,0.3150,6
Facundo Diaz Acosta,hard,career,0.6010,0.3520,16
Facundo Diaz Acosta,clay,career,0.6240,0.3870,38
Facundo Diaz Acosta,grass,career,0.5090,0.3130,1
Facundo Diaz Acosta,all,career,0.6152,0.3755,55
Borna Gojo,hard,career,0.6590,0.3360,38
Borna Gojo,clay,career,0.6420,0.3430,7
Borna Gojo,grass,career,0.6780,0.2640,2
Borna Gojo,all,career,0.6573,0.3340,47
Adrian Mannarino,hard,52week,0.6490,0.3470,31
Adrian Mannarino,clay,52week,0.5280,0.3370,7
Adrian Mannarino,grass,52week,0.6280,0.3590,9
Adrian Mannarino,all,52week,0.6270,0.3478,47
Adrian Mannarino,hard,career,0.6280,0.3670,486
Adrian Mannarino,clay,career,0.5630,0.3580,85
Adrian Mannarino,grass,career,0.6390,0.3630,135
Adrian Mannarino,all,career,0.6223,0.3652,706
Gustavo Heide,hard,career,0.5960,0.2030,3
Gustavo Heide,clay,career,0.6290,0.3340,10
Gustavo Heide,all,career,0.6214,0.3038,13
Christopher Oconnell,hard,52week,0.6220,0.3460,19
Christopher Oconnell,clay,52week,0.5380,0.4220,1
Christopher Oconnell,grass,52week,0.5240,0.2780,1
Christopher Oconnell,all,52week,0.6133,0.3464,21
Christopher Oconnell,hard,career,0.6370,0.3360,112
Christopher Oconnell,clay,career,0.6140,0.3530,34
Christopher Oconnell,grass,career,0.6290,0.3010,13
Christopher Oconnell,all,career,0.6314,0.3368,159
Stan Wawrinka,hard,52week,0.6680,0.3160,19
Stan Wawrinka,clay,52week,0.6170,0.3650,7
Stan Wawrinka,grass,52week,0.7280,0.2230,1
Stan Wawrinka,all,52week,0.6570,0.3253,27
Stan Wawrinka,hard,career,0.6560,0.3640,571
Stan Wawrinka,clay,career,0.6400,0.3890,326
Stan Wawrinka,grass,career,0.6750,0.3340,71
Stan Wawrinka,all,career,0.6520,0.3702,968
Francisco Comesana,hard,52week,0.6230,0.3540,22
Francisco Comesana,clay,52week,0.6480,0.3440,17
Francisco Comesana,grass,52week,0.5510,0.3100,1
Francisco Comesana,all,52week,0.6318,0.3487,40
Francisco Comesana,hard,career,0.6260,0.3440,29
Francisco Comesana,clay,career,0.6350,0.3590,38
Francisco Comesana,grass,career,0.6360,0.3260,5
Francisco Comesana,all,career,0.6314,0.3507,72
Cristian Garin,hard,52week,0.6140,0.2570,1
Cristian Garin,clay,52week,0.6070,0.3860,12
Cristian Garin,grass,52week,0.7080,0.3310,2
Cristian Garin,all,52week,0.6209,0.3701,15
Cristian Garin,hard,career,0.6230,0.3510,94
Cristian Garin,clay,career,0.6130,0.3990,159
Cristian Garin,grass,career,0.6310,0.3630,21
Cristian Garin,all,career,0.6178,0.3798,274
Lloyd Harris,hard,career,0.6580,0.3510,118
Lloyd Harris,clay,career,0.6050,0.3260,25
Lloyd Harris,grass,career,0.6740,0.3140,20
Lloyd Harris,all,career,0.6518,0.3426,163
Sho Shimabukuro,hard,52week,0.6760,0.3150,7
Sho Shimabukuro,grass,52week,0.6870,0.3170,6
Sho Shimabukuro,all,52week,0.6811,0.3159,13
Sho Shimabukuro,hard,career,0.6470,0.3220,18
Sho Shimabukuro,grass,career,0.6570,0.3120,7
Sho Shimabukuro,all,career,0.6498,0.3192,25
Andrea Pellegrino,clay,52week,0.6260,0.3780,11
Andrea Pellegrino,all,52week,0.6260,0.3780,11
Andrea Pellegrino,clay,career,0.6080,0.3840,16
Andrea Pellegrino,all,career,0.6080,0.3840,16
Damir Dzumhur,hard,52week,0.6020,0.3510,21
Damir Dzumhur,clay,52week,0.5790,0.4110,20
Damir Dzumhur,grass,52week,0.5260,0.3270,2
Damir Dzumhur,all,52week,0.5878,0.3778,43
Damir Dzumhur,hard,career,0.5930,0.3830,207
Damir Dzumhur,clay,career,0.5910,0.4140,118
Damir Dzumhur,grass,career,0.6080,0.3560,23
Damir Dzumhur,all,career,0.5933,0.3917,348
Chris Rodesch,hard,career,0.7060,0.3680,5
Chris Rodesch,clay,career,0.6330,0.3670,4
Chris Rodesch,grass,career,0.6830,0.2190,1
Chris Rodesch,all,career,0.6745,0.3527,10
David Goffin,hard,52week,0.6070,0.3600,13
David Goffin,clay,52week,0.6690,0.3770,2
David Goffin,grass,52week,0.4920,0.2150,1
David Goffin,all,52week,0.6076,0.3531,16
David Goffin,hard,career,0.6230,0.3930,413
David Goffin,clay,career,0.6160,0.4070,166
David Goffin,grass,career,0.6450,0.3770,57
David Goffin,all,career,0.6231,0.3952,636
Aleksandar Vukic,hard,52week,0.6270,0.3190,28
Aleksandar Vukic,clay,52week,0.5880,0.3760,4
Aleksandar Vukic,grass,52week,0.5330,0.2280,2
Aleksandar Vukic,all,52week,0.6169,0.3204,34
Aleksandar Vukic,hard,career,0.6400,0.3300,103
Aleksandar Vukic,clay,career,0.6060,0.3460,22
Aleksandar Vukic,grass,career,0.6560,0.3130,25
Aleksandar Vukic,all,career,0.6377,0.3295,150
Alexandre Muller,hard,52week,0.6140,0.3230,25
Alexandre Muller,clay,52week,0.5760,0.3500,9
Alexandre Muller,grass,52week,0.4560,0.2070,1
Alexandre Muller,all,52week,0.5997,0.3266,35
Alexandre Muller,hard,career,0.6120,0.3530,70
Alexandre Muller,clay,career,0.5980,0.3760,56
Alexandre Muller,grass,career,0.5800,0.3130,8
Alexandre Muller,all,career,0.6042,0.3602,134
Hugo Gaston,hard,52week,0.5620,0.3550,9
Hugo Gaston,clay,52week,0.5930,0.4120,10
Hugo Gaston,grass,52week,0.5570,0.2120,1
Hugo Gaston,all,52week,0.5773,0.3764,20
Hugo Gaston,hard,career,0.5770,0.3610,65
Hugo Gaston,clay,career,0.5870,0.3890,62
Hugo Gaston,grass,career,0.5900,0.3460,8
Hugo Gaston,all,career,0.5824,0.3730,135
Patrick Kypson,hard,52week,0.6460,0.2820,6
Patrick Kypson,clay,52week,0.6500,0.3080,3
Patrick Kypson,grass,52week,0.6060,0.3560,2
Patrick Kypson,all,52week,0.6398,0.3025,11
Patrick Kypson,hard,career,0.6500,0.2960,13
Patrick Kypson,clay,career,0.5990,0.3200,5
Patrick Kypson,grass,career,0.6060,0.3560,2
Patrick Kypson,all,career,0.6329,0.3080,20
Nicolas Jarry,hard,52week,0.6500,0.3380,3
Nicolas Jarry,clay,52week,0.6240,0.3290,9
Nicolas Jarry,grass,52week,0.7120,0.3370,6
Nicolas Jarry,all,52week,0.6577,0.3332,18
Nicolas Jarry,hard,career,0.6660,0.3170,98
Nicolas Jarry,clay,career,0.6590,0.3490,133
Nicolas Jarry,grass,career,0.6750,0.3340,24
Nicolas Jarry,all,career,0.6632,0.3353,255
Valentin Royer,hard,52week,0.6400,0.3330,28
Valentin Royer,clay,52week,0.5690,0.3280,6
Valentin Royer,grass,52week,0.6130,0.3150,3
Valentin Royer,all,52week,0.6263,0.3307,37
Valentin Royer,hard,career,0.6400,0.3330,28
Valentin Royer,clay,career,0.5940,0.3550,7
Valentin Royer,grass,career,0.6360,0.3140,5
Valentin Royer,all,career,0.6315,0.3345,40
Zhizhen Zhang,hard,52week,0.6260,0.2930,12
Zhizhen Zhang,clay,52week,0.6320,0.3230,6
Zhizhen Zhang,grass,52week,0.6880,0.3380,3
Zhizhen Zhang,all,52week,0.6366,0.3080,21
Zhizhen Zhang,hard,career,0.6470,0.3300,89
Zhizhen Zhang,clay,career,0.6450,0.3510,41
Zhizhen Zhang,grass,career,0.6540,0.3240,17
Zhizhen Zhang,all,career,0.6473,0.3352,147
Nikoloz Basilashvili,hard,52week,0.6500,0.3230,8
Nikoloz Basilashvili,clay,52week,0.6050,0.3740,9
Nikoloz Basilashvili,grass,52week,0.5880,0.2540,1
Nikoloz Basilashvili,all,52week,0.6241,0.3447,18
Nikoloz Basilashvili,hard,career,0.6060,0.3670,201
Nikoloz Basilashvili,clay,career,0.5900,0.3800,107
Nikoloz Basilashvili,grass,career,0.6240,0.3250,36
Nikoloz Basilashvili,all,career,0.6029,0.3666,344
Hugo Dellien,hard,52week,0.5640,0.3200,3
Hugo Dellien,clay,52week,0.6380,0.3300,3
Hugo Dellien,all,52week,0.6010,0.3250,6
Hugo Dellien,hard,career,0.5380,0.3350,22
Hugo Dellien,clay,career,0.5950,0.3800,86
Hugo Dellien,grass,career,0.5920,0.2720,4
Hugo Dellien,all,career,0.5837,0.3673,112
James Duckworth,hard,52week,0.6330,0.3350,18
James Duckworth,clay,52week,0.5940,0.3630,4
James Duckworth,grass,52week,0.6890,0.2960,5
James Duckworth,all,52week,0.6376,0.3319,27
James Duckworth,hard,career,0.6340,0.3310,152
James Duckworth,clay,career,0.6050,0.3090,20
James Duckworth,grass,career,0.6460,0.3270,37
James Duckworth,all,career,0.6333,0.3282,209
Henrique Rocha,hard,career,0.6610,0.4550,3
Henrique Rocha,clay,career,0.5820,0.3660,11
Henrique Rocha,all,career,0.5989,0.3851,14
Jerome Kym,hard,52week,0.6680,0.3320,5
Jerome Kym,clay,52week,0.6710,0.2630,2
Jerome Kym,all,52week,0.6689,0.3123,7
Jerome Kym,hard,career,0.6610,0.3370,9
Jerome Kym,clay,career,0.7010,0.2940,5
Jerome Kym,all,career,0.6753,0.3216,14
Arthur Gea,hard,52week,0.6760,0.3610,5
Arthur Gea,clay,52week,0.5290,0.3440,2
Arthur Gea,all,52week,0.6340,0.3561,7
Stefanos Sakellaridis,hard,52week,0.7210,0.1880,3
Stefanos Sakellaridis,clay,52week,0.6150,0.3730,2
Stefanos Sakellaridis,all,52week,0.6786,0.2620,5
Stefanos Sakellaridis,hard,career,0.6160,0.2650,7
Stefanos Sakellaridis,clay,career,0.6150,0.3730,4
Stefanos Sakellaridis,all,career,0.6156,0.3043,11
Marco Trungelliti,clay,52week,0.6030,0.3860,15
Marco Trungelliti,grass,52week,0.6390,0.3540,2
Marco Trungelliti,all,52week,0.6072,0.3822,17
Marco Trungelliti,hard,career,0.6060,0.3330,12
Marco Trungelliti,clay,career,0.5910,0.3810,46
Marco Trungelliti,grass,career,0.6380,0.3480,3
Marco Trungelliti,all,career,0.5963,0.3699,61
Aleksandar Kovacevic,hard,52week,0.6710,0.3070,36
Aleksandar Kovacevic,clay,52week,0.6400,0.3470,7
Aleksandar Kovacevic,grass,52week,0.6540,0.2720,5
Aleksandar Kovacevic,all,52week,0.6647,0.3092,48
Aleksandar Kovacevic,hard,career,0.6600,0.3170,79
Aleksandar Kovacevic,clay,career,0.6320,0.3330,22
Aleksandar Kovacevic,grass,career,0.6390,0.2830,11
Aleksandar Kovacevic,all,career,0.6524,0.3168,112
Giulio Zeppieri,hard,52week,0.6200,0.3570,3
Giulio Zeppieri,clay,52week,0.5580,0.3100,2
Giulio Zeppieri,grass,52week,0.6930,0.3470,1
Giulio Zeppieri,all,52week,0.6115,0.3397,6
Giulio Zeppieri,hard,career,0.6420,0.3140,9
Giulio Zeppieri,clay,career,0.6150,0.3520,17
Giulio Zeppieri,grass,career,0.6930,0.3470,1
Giulio Zeppieri,all,career,0.6269,0.3391,27
Dalibor Svrcina,hard,52week,0.5900,0.3840,13
Dalibor Svrcina,clay,52week,0.5020,0.4050,3
Dalibor Svrcina,grass,52week,0.5370,0.4110,1
Dalibor Svrcina,all,52week,0.5714,0.3893,17
Dalibor Svrcina,hard,career,0.5740,0.4010,19
Dalibor Svrcina,clay,career,0.5020,0.4050,3
Dalibor Svrcina,grass,career,0.5370,0.4110,1
Dalibor Svrcina,all,career,0.5630,0.4020,23
Mackenzie Mcdonald,hard,52week,0.6300,0.3190,17
Mackenzie Mcdonald,clay,52week,0.5680,0.3740,2
Mackenzie Mcdonald,grass,52week,0.5890,0.3070,1
Mackenzie Mcdonald,all,52week,0.6218,0.3239,20
Mackenzie Mcdonald,hard,career,0.6240,0.3720,191
Mackenzie Mcdonald,clay,career,0.5840,0.3790,34
Mackenzie Mcdonald,grass,career,0.6440,0.3430,39
Mackenzie Mcdonald,all,career,0.6218,0.3686,264
Dusan Lajovic,clay,52week,0.6180,0.3530,9
Dusan Lajovic,grass,52week,0.6320,0.2050,1
Dusan Lajovic,all,52week,0.6194,0.3382,10
Dusan Lajovic,hard,career,0.6200,0.3530,214
Dusan Lajovic,clay,career,0.6210,0.3790,248
Dusan Lajovic,grass,career,0.6290,0.2950,26
Dusan Lajovic,all,career,0.6210,0.3631,488
Clement Tabur,hard,52week,0.7240,0.3490,3
Clement Tabur,clay,52week,0.6440,0.3500,4
Clement Tabur,all,52week,0.6783,0.3496,7
Nicolai Budkov Kjaer,hard,52week,0.6060,0.2920,12
Nicolai Budkov Kjaer,clay,52week,0.5930,0.4230,4
Nicolai Budkov Kjaer,all,52week,0.6028,0.3247,16
Nicolai Budkov Kjaer,hard,career,0.6190,0.3050,16
Nicolai Budkov Kjaer,clay,career,0.5960,0.4140,8
Nicolai Budkov Kjaer,all,career,0.6113,0.3413,24
Colton Smith,hard,career,0.5740,0.3660,6
Colton Smith,clay,career,0.6470,0.3160,4
Colton Smith,all,career,0.6032,0.3460,10
Vilius Gaubas,clay,52week,0.5930,0.3570,11
Vilius Gaubas,grass,52week,0.5370,0.3260,1
Vilius Gaubas,all,52week,0.5883,0.3544,12
Vilius Gaubas,hard,career,0.6090,0.4020,10
Vilius Gaubas,clay,career,0.5810,0.3700,15
Vilius Gaubas,grass,career,0.5370,0.3260,1
Vilius Gaubas,all,career,0.5901,0.3806,26
Carlos Taberner,hard,52week,0.4870,0.2500,1
Carlos Taberner,clay,52week,0.6310,0.4120,8
Carlos Taberner,all,52week,0.6150,0.3940,9
Carlos Taberner,hard,career,0.5830,0.3470,11
Carlos Taberner,clay,career,0.6000,0.3830,35
Carlos Taberner,grass,career,0.6610,0.2320,1
Carlos Taberner,all,career,0.5973,0.3714,47
Roberto Carballes Baena,hard,52week,0.6180,0.3380,6
Roberto Carballes Baena,all,52week,0.6180,0.3380,6
Roberto Carballes Baena,hard,career,0.6110,0.3680,97
Roberto Carballes Baena,clay,career,0.6020,0.3910,181
Roberto Carballes Baena,grass,career,0.6060,0.3200,18
Roberto Carballes Baena,all,career,0.6052,0.3791,296
Tristan Boyer,hard,52week,0.6550,0.3520,6
Tristan Boyer,clay,52week,0.6230,0.2840,1
Tristan Boyer,grass,52week,0.5960,0.2990,1
Tristan Boyer,all,52week,0.6436,0.3369,8
Tristan Boyer,hard,career,0.6370,0.3470,11
Tristan Boyer,clay,career,0.6100,0.3050,3
Tristan Boyer,grass,career,0.5960,0.2990,1
Tristan Boyer,all,career,0.6289,0.3354,15
Alexis Galarneau,hard,career,0.6380,0.3800,9
Alexis Galarneau,clay,career,0.5230,0.4240,1
Alexis Galarneau,grass,career,0.6470,0.2660,1
Alexis Galarneau,all,career,0.6284,0.3736,11
Emil Ruusuvuori,hard,career,0.6390,0.3840,152
Emil Ruusuvuori,clay,career,0.5930,0.4030,42
Emil Ruusuvuori,grass,career,0.6610,0.3380,23
Emil Ruusuvuori,all,career,0.6324,0.3828,217
Jurij Rodionov,hard,52week,0.5690,0.2040,6
Jurij Rodionov,clay,52week,0.6250,0.3300,4
Jurij Rodionov,all,52week,0.5914,0.2544,10
Jurij Rodionov,hard,career,0.6310,0.3410,22
Jurij Rodionov,clay,career,0.6080,0.3510,25
Jurij Rodionov,grass,career,0.6320,0.2980,8
Jurij Rodionov,all,career,0.6207,0.3393,55
Lukas Klein,hard,career,0.6610,0.3460,21
Lukas Klein,clay,career,0.6410,0.3590,9
Lukas Klein,grass,career,0.6690,0.3460,3
Lukas Klein,all,career,0.6563,0.3495,33
Pavel Kotov,hard,career,0.6120,0.3410,45
Pavel Kotov,clay,career,0.6250,0.3720,32
Pavel Kotov,grass,career,0.6440,0.2900,4
Pavel Kotov,all,career,0.6187,0.3507,81
Marco Cecchinato,hard,career,0.6180,0.3010,55
Marco Cecchinato,clay,career,0.6130,0.3740,142
Marco Cecchinato,grass,career,0.5880,0.2820,11
Marco Cecchinato,all,career,0.6130,0.3498,208
Mark Lajal,hard,career,0.6660,0.3520,9
Mark Lajal,grass,career,0.6210,0.3420,4
Mark Lajal,all,career,0.6522,0.3489,13
Facundo Bagnis,hard,career,0.6000,0.3340,31
Facundo Bagnis,clay,career,0.6060,0.3690,98
Facundo Bagnis,grass,career,0.6020,0.3100,5
Facundo Bagnis,all,career,0.6045,0.3587,134
Michael Mmoh,hard,career,0.6130,0.3590,64
Michael Mmoh,clay,career,0.5780,0.3740,10
Michael Mmoh,grass,career,0.6700,0.2890,4
Michael Mmoh,all,career,0.6114,0.3573,78
Filip Misolic,hard,52week,0.5920,0.3180,7
Filip Misolic,clay,52week,0.6210,0.3710,11
Filip Misolic,grass,52week,0.5910,0.2620,1
Filip Misolic,all,52week,0.6087,0.3457,19
Filip Misolic,hard,career,0.6090,0.3120,11
Filip Misolic,clay,career,0.6040,0.3710,26
Filip Misolic,grass,career,0.5910,0.2620,1
Filip Misolic,all,career,0.6051,0.3511,38
Rei Sakamoto,hard,52week,0.6420,0.2970,6
Rei Sakamoto,all,52week,0.6420,0.2970,6
Daniel Evans,hard,52week,0.6000,0.3950,3
Daniel Evans,grass,52week,0.5900,0.3290,2
Daniel Evans,all,52week,0.5960,0.3686,5
Daniel Evans,hard,career,0.6330,0.3750,240
Daniel Evans,clay,career,0.5910,0.3840,57
Daniel Evans,grass,career,0.6370,0.3490,49
Daniel Evans,all,career,0.6266,0.3728,346
Pierre Hugues Herbert,hard,career,0.6440,0.3380,160
Pierre Hugues Herbert,clay,career,0.6310,0.3410,49
Pierre Hugues Herbert,grass,career,0.6400,0.3320,33
Pierre Hugues Herbert,all,career,0.6408,0.3378,242
Coleman Wong,hard,52week,0.6490,0.3480,17
Coleman Wong,clay,52week,0.5520,0.2550,2
Coleman Wong,all,52week,0.6388,0.3382,19
Coleman Wong,hard,career,0.6500,0.3480,37
Coleman Wong,clay,career,0.6000,0.2540,3
Coleman Wong,grass,career,0.4720,0.3210,1
Coleman Wong,all,career,0.6420,0.3405,41
Tomas Barrios Vera,hard,52week,0.6150,0.3380,3
Tomas Barrios Vera,clay,52week,0.5590,0.3180,6
Tomas Barrios Vera,all,52week,0.5777,0.3247,9
Tomas Barrios Vera,hard,career,0.6030,0.3070,10
Tomas Barrios Vera,clay,career,0.5660,0.3480,23
Tomas Barrios Vera,grass,career,0.6440,0.3330,3
Tomas Barrios Vera,all,career,0.5828,0.3354,36
Lukas Neumayer,clay,52week,0.5700,0.2950,3
Lukas Neumayer,all,52week,0.5700,0.2950,3
Lukas Neumayer,clay,career,0.5980,0.3240,9
Lukas Neumayer,all,career,0.5980,0.3240,9
Taro Daniel,hard,career,0.6110,0.3490,146
Taro Daniel,clay,career,0.5910,0.3720,89
Taro Daniel,grass,career,0.6020,0.3130,10
Taro Daniel,all,career,0.6034,0.3559,245
Liam Broady,hard,career,0.5930,0.3780,24
Liam Broady,clay,career,0.5620,0.3620,5
Liam Broady,grass,career,0.5950,0.3530,27
Liam Broady,all,career,0.5912,0.3645,56
Nicolas Mejia,hard,52week,0.5370,0.2500,3
Nicolas Mejia,grass,52week,0.6160,0.3780,2
Nicolas Mejia,all,52week,0.5686,0.3012,5
Nicolas Mejia,hard,career,0.5650,0.3230,13
Nicolas Mejia,clay,career,0.6090,0.3380,10
Nicolas Mejia,grass,career,0.6160,0.3780,2
Nicolas Mejia,all,career,0.5867,0.3334,25
Federico Cina,hard,52week,0.5900,0.2370,1
Federico Cina,clay,52week,0.6050,0.3190,7
Federico Cina,all,52week,0.6031,0.3088,8
Federico Cina,hard,career,0.6030,0.2790,3
Federico Cina,clay,career,0.6150,0.3230,10
Federico Cina,all,career,0.6122,0.3128,13
Shintaro Mochizuki,hard,52week,0.5640,0.3760,14
Shintaro Mochizuki,grass,52week,0.6250,0.4300,4
Shintaro Mochizuki,all,52week,0.5776,0.3880,18
Shintaro Mochizuki,hard,career,0.5650,0.3590,32
Shintaro Mochizuki,clay,career,0.5680,0.3260,1
Shintaro Mochizuki,grass,career,0.6130,0.3860,9
Shintaro Mochizuki,all,career,0.5754,0.3640,42
Alex Bolt,hard,career,0.6240,0.3460,35
Alex Bolt,clay,career,0.6310,0.3090,2
Alex Bolt,grass,career,0.6190,0.3330,15
Alex Bolt,all,career,0.6228,0.3408,52
Stefano Travaglia,hard,career,0.6210,0.3520,48
Stefano Travaglia,clay,career,0.6040,0.3680,34
Stefano Travaglia,grass,career,0.6010,0.3270,6
Stefano Travaglia,all,career,0.6131,0.3565,88
Luca Nardi,hard,52week,0.6410,0.3400,13
Luca Nardi,clay,52week,0.5890,0.3440,1
Luca Nardi,all,52week,0.6373,0.3403,14
Luca Nardi,hard,career,0.6100,0.3440,39
Luca Nardi,clay,career,0.5710,0.3360,16
Luca Nardi,grass,career,0.5540,0.3160,5
Luca Nardi,all,career,0.5949,0.3395,60
August Holmgren,hard,career,0.6260,0.3660,9
August Holmgren,clay,career,0.7240,0.3200,2
August Holmgren,grass,career,0.6980,0.2830,3
August Holmgren,all,career,0.6554,0.3416,14
Liam Draxl,hard,52week,0.5450,0.3450,6
Liam Draxl,clay,52week,0.6200,0.3760,1
Liam Draxl,all,52week,0.5557,0.3494,7
Elmer Moller,hard,52week,0.5300,0.2600,3
Elmer Moller,clay,52week,0.5370,0.4200,11
Elmer Moller,all,52week,0.5355,0.3857,14
Elmer Moller,hard,career,0.5300,0.2600,10
Elmer Moller,clay,career,0.5470,0.4130,14
Elmer Moller,grass,career,0.5850,0.2820,1
Elmer Moller,all,career,0.5417,0.3466,25
Thiago Monteiro,hard,career,0.6520,0.3170,83
Thiago Monteiro,clay,career,0.6420,0.3500,138
Thiago Monteiro,grass,career,0.6630,0.2570,9
Thiago Monteiro,all,career,0.6464,0.3345,230
Kimmer Coppejans,hard,career,0.6010,0.3110,8
Kimmer Coppejans,clay,career,0.5860,0.3600,11
Kimmer Coppejans,grass,career,0.5850,0.2850,2
Kimmer Coppejans,all,career,0.5916,0.3342,21
Francesco Passaro,hard,52week,0.6050,0.3700,2
Francesco Passaro,clay,52week,0.6070,0.3510,4
Francesco Passaro,all,52week,0.6063,0.3573,6
Francesco Passaro,hard,career,0.6230,0.3280,12
Francesco Passaro,clay,career,0.6210,0.3540,23
Francesco Passaro,all,career,0.6217,0.3451,35
Yosuke Watanuki,hard,career,0.6430,0.3560,35
Yosuke Watanuki,clay,career,0.6050,0.3550,7
Yosuke Watanuki,grass,career,0.7010,0.3080,5
Yosuke Watanuki,all,career,0.6435,0.3507,47
Vitaliy Sachko,hard,52week,0.6940,0.2690,4
Vitaliy Sachko,clay,52week,0.4890,0.3020,1
Vitaliy Sachko,all,52week,0.6530,0.2756,5
Vitaliy Sachko,hard,career,0.6400,0.3030,11
Vitaliy Sachko,clay,career,0.5280,0.3710,4
Vitaliy Sachko,all,career,0.6101,0.3211,15
Juan Carlos Prado Angelo,clay,52week,0.5680,0.4320,3
Juan Carlos Prado Angelo,all,52week,0.5680,0.4320,3
Pedro Martinez,hard,52week,0.5720,0.2970,11
Pedro Martinez,clay,52week,0.5800,0.3600,12
Pedro Martinez,all,52week,0.5762,0.3299,23
Pedro Martinez,hard,career,0.5900,0.3560,83
Pedro Martinez,clay,career,0.5920,0.3940,116
Pedro Martinez,grass,career,0.5820,0.3670,15
Pedro Martinez,all,career,0.5905,0.3774,214
Nicolas Moreno De Alboran,hard,career,0.6180,0.3040,6
Nicolas Moreno De Alboran,clay,career,0.6660,0.3110,12
Nicolas Moreno De Alboran,all,career,0.6500,0.3087,18
Cedrik Marcel Stebe,hard,career,0.5940,0.3580,38
Cedrik Marcel Stebe,clay,career,0.5610,0.4130,35
Cedrik Marcel Stebe,grass,career,0.5900,0.3610,9
Cedrik Marcel Stebe,all,career,0.5795,0.3818,82
Mikhail Kukushkin,hard,career,0.6080,0.3720,272
Mikhail Kukushkin,clay,career,0.5880,0.3740,99
Mikhail Kukushkin,grass,career,0.6170,0.3420,41
Mikhail Kukushkin,all,career,0.6041,0.3695,412
Elias Ymer,hard,52week,0.6300,0.3700,5
Elias Ymer,clay,52week,0.6310,0.3620,2
Elias Ymer,grass,52week,0.6400,0.1300,1
Elias Ymer,all,52week,0.6315,0.3380,8
Elias Ymer,hard,career,0.6090,0.3640,72
Elias Ymer,clay,career,0.5970,0.3650,51
Elias Ymer,grass,career,0.5950,0.2660,4
Elias Ymer,all,career,0.6037,0.3613,127
Jack Pinnington Jones,hard,52week,0.6810,0.3090,3
Jack Pinnington Jones,clay,52week,0.5240,0.2500,1
Jack Pinnington Jones,grass,52week,0.6030,0.3370,6
Jack Pinnington Jones,all,52week,0.6185,0.3199,10
Jack Pinnington Jones,hard,career,0.6810,0.3090,3
Jack Pinnington Jones,clay,career,0.5240,0.2500,1
Jack Pinnington Jones,grass,career,0.5970,0.3390,7
Jack Pinnington Jones,all,career,0.6133,0.3227,11
Billy Harris,hard,52week,0.6290,0.3410,5
Billy Harris,grass,52week,0.5800,0.3460,1
Billy Harris,all,52week,0.6208,0.3418,6
Billy Harris,hard,career,0.6240,0.3190,16
Billy Harris,clay,career,0.5780,0.3430,1
Billy Harris,grass,career,0.6490,0.3210,17
Billy Harris,all,career,0.6351,0.3207,34
Ilya Ivashka,hard,career,0.6320,0.3820,116
Ilya Ivashka,clay,career,0.5930,0.3770,39
Ilya Ivashka,grass,career,0.6590,0.3620,23
Ilya Ivashka,all,career,0.6269,0.3783,178
Chun Hsin Tseng,hard,52week,0.5260,0.3280,6
Chun Hsin Tseng,all,52week,0.5260,0.3280,6
Chun Hsin Tseng,hard,career,0.5940,0.3270,36
Chun Hsin Tseng,clay,career,0.5860,0.3860,13
Chun Hsin Tseng,grass,career,0.5940,0.3000,3
Chun Hsin Tseng,all,career,0.5920,0.3402,52
Timofey Skatov,hard,52week,0.6710,0.3860,1
Timofey Skatov,clay,52week,0.5770,0.3600,4
Timofey Skatov,all,52week,0.5958,0.3652,5
Timofey Skatov,hard,career,0.5770,0.3580,10
Timofey Skatov,clay,career,0.5860,0.3830,13
Timofey Skatov,all,career,0.5821,0.3721,23
Tristan Schoolkate,hard,52week,0.6500,0.3160,13
Tristan Schoolkate,all,52week,0.6500,0.3160,13
Tristan Schoolkate,hard,career,0.6430,0.3330,22
Tristan Schoolkate,clay,career,0.5250,0.2970,1
Tristan Schoolkate,grass,career,0.7080,0.1750,1
Tristan Schoolkate,all,career,0.6408,0.3249,24
Dominic Stricker,hard,career,0.6600,0.3430,35
Dominic Stricker,clay,career,0.6250,0.3570,15
Dominic Stricker,grass,career,0.6700,0.3170,8
Dominic Stricker,all,career,0.6523,0.3430,58
Brandon Holt,hard,52week,0.5930,0.3360,5
Brandon Holt,clay,52week,0.6740,0.3670,1
Brandon Holt,grass,52week,0.6000,0.3140,3
Brandon Holt,all,52week,0.6043,0.3321,9
Brandon Holt,hard,career,0.5930,0.3360,14
Brandon Holt,clay,career,0.6740,0.3670,1
Brandon Holt,grass,career,0.6000,0.3140,3
Brandon Holt,all,career,0.5987,0.3341,18
Harold Mayot,hard,career,0.6110,0.3370,15
Harold Mayot,clay,career,0.6050,0.3580,7
Harold Mayot,grass,career,0.6730,0.3320,3
Harold Mayot,all,career,0.6168,0.3423,25
Sumit Nagal,clay,52week,0.5400,0.3500,1
Sumit Nagal,all,52week,0.5400,0.3500,1
Sumit Nagal,hard,career,0.5650,0.3440,34
Sumit Nagal,clay,career,0.5710,0.3730,20
Sumit Nagal,grass,career,0.5540,0.3520,1
Sumit Nagal,all,career,0.5670,0.3547,55
Daniel Elahi Galan,hard,career,0.6000,0.3640,57
Daniel Elahi Galan,clay,career,0.6090,0.3700,66
Daniel Elahi Galan,grass,career,0.6320,0.3430,11
Daniel Elahi Galan,all,career,0.6071,0.3652,134
Hugo Grenier,hard,career,0.6180,0.3450,17
Hugo Grenier,clay,career,0.5550,0.3290,8
Hugo Grenier,grass,career,0.6370,0.3180,2
Hugo Grenier,all,career,0.6007,0.3383,27
Bernard Tomic,hard,career,0.6410,0.3420,237
Bernard Tomic,clay,career,0.5950,0.3410,65
Bernard Tomic,grass,career,0.6690,0.3310,72
Bernard Tomic,all,career,0.6384,0.3397,374
Alexander Ritschard,hard,career,0.6220,0.3510,4
Alexander Ritschard,clay,career,0.6020,0.3470,7
Alexander Ritschard,grass,career,0.5690,0.3460,1
Alexander Ritschard,all,career,0.6059,0.3483,12
Christopher Eubanks,hard,52week,0.6830,0.2730,5
Christopher Eubanks,clay,52week,0.6830,0.3920,3
Christopher Eubanks,grass,52week,0.6480,0.2980,1
Christopher Eubanks,all,52week,0.6791,0.3154,9
Christopher Eubanks,hard,career,0.6600,0.3010,74
Christopher Eubanks,clay,career,0.6310,0.3280,11
Christopher Eubanks,grass,career,0.6860,0.3000,26
Christopher Eubanks,all,career,0.6632,0.3034,111
Ugo Blanchet,hard,52week,0.6090,0.3180,9
Ugo Blanchet,all,52week,0.6090,0.3180,9
Ugo Blanchet,hard,career,0.6110,0.3140,10
Ugo Blanchet,clay,career,0.6000,0.4160,3
Ugo Blanchet,all,career,0.6085,0.3375,13
Stefano Napolitano,hard,career,0.6290,0.2390,1
Stefano Napolitano,clay,career,0.6360,0.3690,8
Stefano Napolitano,grass,career,0.6150,0.4110,1
Stefano Napolitano,all,career,0.6332,0.3602,10
Federico Coria,hard,career,0.5650,0.3410,32
Federico Coria,clay,career,0.5830,0.4160,99
Federico Coria,grass,career,0.5920,0.2910,4
Federico Coria,all,career,0.5790,0.3945,135
Darwin Blanch,hard,52week,0.6460,0.2760,5
Darwin Blanch,all,52week,0.6460,0.2760,5
Moise Kouame,hard,52week,0.6240,0.2950,3
Moise Kouame,clay,52week,0.5360,0.3680,5
Moise Kouame,all,52week,0.5690,0.3406,8
Dane Sweeny,hard,career,0.6010,0.3160,9
Dane Sweeny,grass,career,0.6220,0.2970,1
Dane Sweeny,all,career,0.6031,0.3141,10
Thiago Seyboth Wild,clay,52week,0.6160,0.4020,4
Thiago Seyboth Wild,all,52week,0.6160,0.4020,4
Thiago Seyboth Wild,hard,career,0.6280,0.3150,32
Thiago Seyboth Wild,clay,career,0.6160,0.3730,59
Thiago Seyboth Wild,grass,career,0.6250,0.3170,4
Thiago Seyboth Wild,all,career,0.6204,0.3511,95
Marc Andrea Huesler,hard,career,0.6600,0.3230,51
Marc Andrea Huesler,clay,career,0.6240,0.3540,27
Marc Andrea Huesler,grass,career,0.6820,0.3140,8
Marc Andrea Huesler,all,career,0.6507,0.3319,86
James Mccabe,hard,career,0.6010,0.3060,6
James Mccabe,grass,career,0.5890,0.3130,4
James Mccabe,all,career,0.5962,0.3088,10
Francesco Maestrelli,hard,52week,0.6310,0.3310,3
Francesco Maestrelli,clay,52week,0.5980,0.3080,2
Francesco Maestrelli,all,52week,0.6178,0.3218,5
Rodrigo Pacheco Mendez,hard,52week,0.5960,0.3290,6
Rodrigo Pacheco Mendez,all,52week,0.5960,0.3290,6
Rodrigo Pacheco Mendez,hard,career,0.5820,0.3600,17
Rodrigo Pacheco Mendez,clay,career,0.7300,0.2790,2
Rodrigo Pacheco Mendez,all,career,0.5976,0.3515,19
Nerman Fatic,hard,career,0.6330,0.3680,6
Nerman Fatic,clay,career,0.5480,0.4340,4
Nerman Fatic,all,career,0.5990,0.3944,10
Hyeon Chung,hard,career,0.6280,0.3910,123
Hyeon Chung,clay,career,0.6380,0.3940,31
Hyeon Chung,grass,career,0.6330,0.3430,3
Hyeon Chung,all,career,0.6301,0.3907,157
Li Tu,hard,career,0.6260,0.2990,10
Li Tu,grass,career,0.6330,0.3420,4
Li Tu,all,career,0.6280,0.3113,14
Edas Butvilas,clay,career,0.6310,0.3800,3
Edas Butvilas,grass,career,0.6450,0.2460,1
Edas Butvilas,all,career,0.6345,0.3465,4
Federico Agustin Gomez,hard,career,0.6440,0.3000,4
Federico Agustin Gomez,clay,career,0.5790,0.3700,6
Federico Agustin Gomez,all,career,0.6050,0.3420,10
Felipe Meligeni Alves,hard,career,0.6510,0.3860,8
Felipe Meligeni Alves,clay,career,0.5790,0.3470,9
Felipe Meligeni Alves,grass,career,0.6360,0.2620,1
Felipe Meligeni Alves,all,career,0.6142,0.3596,18
Duje Ajdukovic,hard,career,0.6290,0.3760,6
Duje Ajdukovic,clay,career,0.5840,0.3670,11
Duje Ajdukovic,all,career,0.5999,0.3702,17
Andrej Martin,hard,career,0.5500,0.3710,15
Andrej Martin,clay,career,0.5830,0.4080,49
Andrej Martin,grass,career,0.5160,0.3030,1
Andrej Martin,all,career,0.5744,0.3978,65
Franco Roncadelli,hard,career,0.4220,0.2340,7
Franco Roncadelli,clay,career,0.5670,0.4820,5
Franco Roncadelli,all,career,0.4824,0.3373,12
Mitchell Krueger,hard,career,0.6230,0.3540,28
Mitchell Krueger,clay,career,0.6240,0.3550,3
Mitchell Krueger,grass,career,0.5730,0.3170,5
Mitchell Krueger,all,career,0.6161,0.3489,36
Yasutaka Uchiyama,hard,career,0.6580,0.3330,36
Yasutaka Uchiyama,clay,career,0.5410,0.2800,2
Yasutaka Uchiyama,grass,career,0.5750,0.3410,3
Yasutaka Uchiyama,all,career,0.6462,0.3310,41
Yi Zhou,hard,career,0.6320,0.3490,14
Yi Zhou,all,career,0.6320,0.3490,14
Gonzalo Bueno,clay,52week,0.5470,0.3480,3
Gonzalo Bueno,all,52week,0.5470,0.3480,3
Calvin Hemery,hard,career,0.5510,0.2790,4
Calvin Hemery,clay,career,0.5700,0.3410,8
Calvin Hemery,all,career,0.5637,0.3203,12
Norbert Gombos,hard,career,0.6190,0.3490,54
Norbert Gombos,clay,career,0.6050,0.3760,31
Norbert Gombos,grass,career,0.6060,0.2560,5
Norbert Gombos,all,career,0.6135,0.3531,90
Beibit Zhukayev,hard,career,0.6280,0.3160,12
Beibit Zhukayev,grass,career,0.6400,0.2120,1
Beibit Zhukayev,all,career,0.6289,0.3080,13
Juan Pablo Varillas,hard,career,0.5910,0.3340,22
Juan Pablo Varillas,clay,career,0.6200,0.3840,62
Juan Pablo Varillas,grass,career,0.5600,0.2950,1
Juan Pablo Varillas,all,career,0.6118,0.3700,85
Benjamin Hassan,hard,career,0.6430,0.3500,13
Benjamin Hassan,clay,career,0.6370,0.3780,14
Benjamin Hassan,all,career,0.6399,0.3645,27
Marc Polmans,hard,career,0.5870,0.3710,15
Marc Polmans,clay,career,0.5770,0.3600,5
Marc Polmans,grass,career,0.6110,0.3700,4
Marc Polmans,all,career,0.5889,0.3685,24
Radu Albot,hard,career,0.6020,0.3690,162
Radu Albot,clay,career,0.5820,0.3890,67
Radu Albot,grass,career,0.6180,0.3570,24
Radu Albot,all,career,0.5982,0.3732,253
Dimitar Kuzmanov,hard,career,0.5920,0.3850,28
Dimitar Kuzmanov,clay,career,0.6770,0.3750,9
Dimitar Kuzmanov,all,career,0.6127,0.3826,37
Philip Henning,hard,career,0.6240,0.4520,8
Philip Henning,clay,career,0.6000,0.2890,3
Philip Henning,all,career,0.6175,0.4075,11
Abedallah Shelbayh,hard,career,0.5960,0.3500,9
Abedallah Shelbayh,clay,career,0.5340,0.3790,4
Abedallah Shelbayh,grass,career,0.5610,0.3500,4
Abedallah Shelbayh,all,career,0.5732,0.3568,17
Ryan Peniston,hard,career,0.6870,0.2420,1
Ryan Peniston,grass,career,0.6170,0.3630,12
Ryan Peniston,all,career,0.6224,0.3537,13
Moez Echargui,hard,52week,0.6690,0.2610,6
Moez Echargui,all,52week,0.6690,0.2610,6
Moez Echargui,hard,career,0.6810,0.2970,10
Moez Echargui,all,career,0.6810,0.2970,10
Jay Clarke,hard,career,0.6250,0.1670,1
Jay Clarke,grass,career,0.6110,0.3070,13
Jay Clarke,all,career,0.6120,0.2970,14
Frederico Ferreira Silva,hard,career,0.5990,0.3180,6
Frederico Ferreira Silva,clay,career,0.5650,0.4030,8
Frederico Ferreira Silva,all,career,0.5796,0.3666,14
Stefan Kozlov,hard,career,0.5510,0.3620,21
Stefan Kozlov,clay,career,0.5090,0.2800,1
Stefan Kozlov,grass,career,0.5800,0.3660,13
Stefan Kozlov,all,career,0.5606,0.3611,35
Jason Jung,hard,career,0.6040,0.3390,25
Jason Jung,clay,career,0.5240,0.4620,1
Jason Jung,grass,career,0.6110,0.3550,9
Jason Jung,all,career,0.6035,0.3466,35
Bernabe Zapata Miralles,hard,career,0.5620,0.3420,32
Bernabe Zapata Miralles,clay,career,0.5700,0.4160,59
Bernabe Zapata Miralles,grass,career,0.6200,0.2940,6
Bernabe Zapata Miralles,all,career,0.5705,0.3840,97
Hady Habib,hard,52week,0.6080,0.2760,5
Hady Habib,all,52week,0.6080,0.2760,5
Hady Habib,hard,career,0.6810,0.3010,13
Hady Habib,clay,career,0.5940,0.3630,10
Hady Habib,all,career,0.6432,0.3280,23
Justin Engel,hard,52week,0.6160,0.2330,5
Justin Engel,clay,52week,0.6060,0.3250,5
Justin Engel,grass,52week,0.6870,0.3130,4
Justin Engel,all,52week,0.6327,0.2887,14
Justin Engel,hard,career,0.6290,0.2830,7
Justin Engel,clay,career,0.6030,0.3170,6
Justin Engel,grass,career,0.6870,0.3130,4
Justin Engel,all,career,0.6335,0.3021,17
Tung Lin Wu,hard,career,0.6000,0.3530,19
Tung Lin Wu,all,career,0.6000,0.3530,19
Aziz Dougaz,hard,career,0.6000,0.3530,13
Aziz Dougaz,clay,career,0.5670,0.4000,4
Aziz Dougaz,all,career,0.5922,0.3641,17
Nicolas Kicker,hard,career,0.5800,0.3600,12
Nicolas Kicker,clay,career,0.6110,0.3820,35
Nicolas Kicker,grass,career,0.6630,0.2800,1
Nicolas Kicker,all,career,0.6043,0.3744,48
Rudolf Molleker,hard,career,0.5110,0.2470,1
Rudolf Molleker,clay,career,0.6040,0.3130,12
Rudolf Molleker,grass,career,0.6370,0.2860,5
Rudolf Molleker,all,career,0.6080,0.3018,18
Dmitry Popko,hard,career,0.5940,0.3610,9
Dmitry Popko,clay,career,0.6020,0.3480,5
Dmitry Popko,all,career,0.5969,0.3564,14
Eero Vasa,hard,career,0.5630,0.3100,7
Eero Vasa,all,career,0.5630,0.3100,7
Hiroki Moriya,hard,career,0.5670,0.3500,13
Hiroki Moriya,grass,career,0.5710,0.2810,1
Hiroki Moriya,all,career,0.5673,0.3451,14
Viktor Durasovic,hard,career,0.5920,0.3090,31
Viktor Durasovic,all,career,0.5920,0.3090,31
Blaise Bicknell,hard,career,0.6500,0.5800,8
Blaise Bicknell,clay,career,0.6040,0.3730,3
Blaise Bicknell,all,career,0.6375,0.5235,11
Miguel Tobon,clay,career,0.6360,0.3980,33
Miguel Tobon,all,career,0.6360,0.3980,33
Robert Strombachs,hard,career,0.5860,0.3480,9
Robert Strombachs,all,career,0.5860,0.3480,9
Kasidit Samrej,hard,career,0.5610,0.3610,7
Kasidit Samrej,all,career,0.5610,0.3610,7
Bor Artnak,clay,career,0.5470,0.4300,8
Bor Artnak,all,career,0.5470,0.4300,8
